experiment,model,source_entity,target_column,target_type,prompt_name,templates_per_molecule,layer,split_by,n_split_groups,n_molecules,n_prompt_activations,primary_metric,score,score_std,r2,mae,accuracy,balanced_accuracy,macro_f1
functional_group_to_mw,Llama-3.1-8B,functional_group,mw,regression,10_templates,10,0,functional_group,20,92,920,r2,-0.5024941108805866,0.5522502724313921,-0.5024941108805866,24.67971013303279,nan,nan,nan
functional_group_to_mw,Llama-3.1-8B,functional_group,mw,regression,10_templates,10,1,functional_group,20,92,920,r2,-0.6473712535031501,0.9956169457709197,-0.6473712535031501,24.66261300460089,nan,nan,nan
functional_group_to_mw,Llama-3.1-8B,functional_group,mw,regression,10_templates,10,2,functional_group,20,92,920,r2,0.014435886679938337,0.4677913087631546,0.014435886679938337,20.250740094348778,nan,nan,nan
functional_group_to_mw,Llama-3.1-8B,functional_group,mw,regression,10_templates,10,3,functional_group,20,92,920,r2,0.113104894978873,0.788412991638813,0.113104894978873,17.942505099474545,nan,nan,nan
functional_group_to_mw,Llama-3.1-8B,functional_group,mw,regression,10_templates,10,4,functional_group,20,92,920,r2,0.15312824717881485,0.6198474371924352,0.15312824717881485,16.882763229994904,nan,nan,nan
functional_group_to_mw,Llama-3.1-8B,functional_group,mw,regression,10_templates,10,5,functional_group,20,92,920,r2,0.250658007459717,0.4388599946633421,0.250658007459717,16.00344440994017,nan,nan,nan
functional_group_to_mw,Llama-3.1-8B,functional_group,mw,regression,10_templates,10,6,functional_group,20,92,920,r2,0.22514145941755262,0.5081871261160229,0.22514145941755262,16.247367046541914,nan,nan,nan
functional_group_to_mw,Llama-3.1-8B,functional_group,mw,regression,10_templates,10,7,functional_group,20,92,920,r2,0.24015231993931238,0.4971398795713276,0.24015231993931238,15.623406805260732,nan,nan,nan
functional_group_to_mw,Llama-3.1-8B,functional_group,mw,regression,10_templates,10,8,functional_group,20,92,920,r2,0.3230001190929273,0.47708680572436957,0.3230001190929273,14.833987100055504,nan,nan,nan
functional_group_to_mw,Llama-3.1-8B,functional_group,mw,regression,10_templates,10,9,functional_group,20,92,920,r2,0.40167014977261273,0.38817277646071335,0.40167014977261273,13.752980622256398,nan,nan,nan
functional_group_to_mw,Llama-3.1-8B,functional_group,mw,regression,10_templates,10,10,functional_group,20,92,920,r2,0.4574433145330847,0.31855901117234103,0.4574433145330847,13.512968249636913,nan,nan,nan
functional_group_to_mw,Llama-3.1-8B,functional_group,mw,regression,10_templates,10,11,functional_group,20,92,920,r2,0.40972060738772864,0.4251146343865782,0.40972060738772864,13.96083479546524,nan,nan,nan
functional_group_to_mw,Llama-3.1-8B,functional_group,mw,regression,10_templates,10,12,functional_group,20,92,920,r2,0.3206779777355807,0.44527802779409625,0.3206779777355807,14.687523080976684,nan,nan,nan
functional_group_to_mw,Llama-3.1-8B,functional_group,mw,regression,10_templates,10,13,functional_group,20,92,920,r2,0.4244855801552886,0.43258733883311745,0.4244855801552886,13.601888662365031,nan,nan,nan
functional_group_to_mw,Llama-3.1-8B,functional_group,mw,regression,10_templates,10,14,functional_group,20,92,920,r2,0.3277241471996346,0.5676366518739107,0.3277241471996346,14.085938678255005,nan,nan,nan
functional_group_to_mw,Llama-3.1-8B,functional_group,mw,regression,10_templates,10,15,functional_group,20,92,920,r2,0.35880511939376697,0.45483285319826744,0.35880511939376697,14.57398503155034,nan,nan,nan
functional_group_to_mw,Llama-3.1-8B,functional_group,mw,regression,10_templates,10,16,functional_group,20,92,920,r2,0.39793479011106614,0.48561420230968494,0.39793479011106614,14.276925400356347,nan,nan,nan
functional_group_to_mw,Llama-3.1-8B,functional_group,mw,regression,10_templates,10,17,functional_group,20,92,920,r2,0.3326917002479762,0.5437772912012421,0.3326917002479762,14.88985866795996,nan,nan,nan
functional_group_to_mw,Llama-3.1-8B,functional_group,mw,regression,10_templates,10,18,functional_group,20,92,920,r2,0.09181787247419655,0.7050079475355451,0.09181787247419655,16.7228143472388,nan,nan,nan
functional_group_to_mw,Llama-3.1-8B,functional_group,mw,regression,10_templates,10,19,functional_group,20,92,920,r2,0.07114335912123534,0.7246534384664647,0.07114335912123534,17.034939047230345,nan,nan,nan
functional_group_to_mw,Llama-3.1-8B,functional_group,mw,regression,10_templates,10,20,functional_group,20,92,920,r2,0.12269511379712665,0.641921408171735,0.12269511379712665,16.612003697975933,nan,nan,nan
functional_group_to_mw,Llama-3.1-8B,functional_group,mw,regression,10_templates,10,21,functional_group,20,92,920,r2,0.1772169642294287,0.7078391200033273,0.1772169642294287,15.590053019668327,nan,nan,nan
functional_group_to_mw,Llama-3.1-8B,functional_group,mw,regression,10_templates,10,22,functional_group,20,92,920,r2,0.21934831132031526,0.6160233024679647,0.21934831132031526,15.539933599901406,nan,nan,nan
functional_group_to_mw,Llama-3.1-8B,functional_group,mw,regression,10_templates,10,23,functional_group,20,92,920,r2,0.24097657534185357,0.5725223856960104,0.24097657534185357,15.62994888175081,nan,nan,nan
functional_group_to_mw,Llama-3.1-8B,functional_group,mw,regression,10_templates,10,24,functional_group,20,92,920,r2,0.34362495203642673,0.4989103145163664,0.34362495203642673,14.406711904542925,nan,nan,nan
functional_group_to_mw,Llama-3.1-8B,functional_group,mw,regression,10_templates,10,25,functional_group,20,92,920,r2,0.33971959801765195,0.5339074130291573,0.33971959801765195,14.613050504107804,nan,nan,nan
functional_group_to_mw,Llama-3.1-8B,functional_group,mw,regression,10_templates,10,26,functional_group,20,92,920,r2,0.3778727070231646,0.456994032989258,0.3778727070231646,14.459892415290795,nan,nan,nan
functional_group_to_mw,Llama-3.1-8B,functional_group,mw,regression,10_templates,10,27,functional_group,20,92,920,r2,0.42189870177287314,0.3434711287520432,0.42189870177287314,15.164911327080139,nan,nan,nan
functional_group_to_mw,Llama-3.1-8B,functional_group,mw,regression,10_templates,10,28,functional_group,20,92,920,r2,0.3281850945484444,0.47630301437092276,0.3281850945484444,15.401284084042377,nan,nan,nan
functional_group_to_mw,Llama-3.1-8B,functional_group,mw,regression,10_templates,10,29,functional_group,20,92,920,r2,0.3899530436090374,0.4074761785788346,0.3899530436090374,14.889775169732554,nan,nan,nan
functional_group_to_mw,Llama-3.1-8B,functional_group,mw,regression,10_templates,10,30,functional_group,20,92,920,r2,0.4856196171833148,0.22784519193046396,0.4856196171833148,14.355663206814679,nan,nan,nan
functional_group_to_mw,Llama-3.1-8B,functional_group,mw,regression,10_templates,10,31,functional_group,20,92,920,r2,0.3957888360210483,0.29983566597525213,0.3957888360210483,15.066714142030246,nan,nan,nan
functional_group_to_boiling_point,Llama-3.1-8B,functional_group,boiling_point_c,regression,10_templates,10,0,functional_group,16,62,620,r2,-0.7673896424335768,0.9869134282560273,-0.7673896424335768,48.08997989808243,nan,nan,nan
functional_group_to_boiling_point,Llama-3.1-8B,functional_group,boiling_point_c,regression,10_templates,10,1,functional_group,16,62,620,r2,-0.47163604546605453,0.8310954856705521,-0.47163604546605453,46.02129892642878,nan,nan,nan
functional_group_to_boiling_point,Llama-3.1-8B,functional_group,boiling_point_c,regression,10_templates,10,2,functional_group,16,62,620,r2,-0.32967415600460037,0.7413953433757916,-0.32967415600460037,44.151812160219144,nan,nan,nan
functional_group_to_boiling_point,Llama-3.1-8B,functional_group,boiling_point_c,regression,10_templates,10,3,functional_group,16,62,620,r2,-0.23147049232408273,0.32982659727015085,-0.23147049232408273,42.04150521993758,nan,nan,nan
functional_group_to_boiling_point,Llama-3.1-8B,functional_group,boiling_point_c,regression,10_templates,10,4,functional_group,16,62,620,r2,-0.13348140487310872,0.44134619916199685,-0.13348140487310872,40.52239564269166,nan,nan,nan
functional_group_to_boiling_point,Llama-3.1-8B,functional_group,boiling_point_c,regression,10_templates,10,5,functional_group,16,62,620,r2,-0.09753930551015147,0.4649310820200974,-0.09753930551015147,40.15265844224019,nan,nan,nan
functional_group_to_boiling_point,Llama-3.1-8B,functional_group,boiling_point_c,regression,10_templates,10,6,functional_group,16,62,620,r2,-0.2756328131412225,0.45257436065188805,-0.2756328131412225,44.05434552374503,nan,nan,nan
functional_group_to_boiling_point,Llama-3.1-8B,functional_group,boiling_point_c,regression,10_templates,10,7,functional_group,16,62,620,r2,-0.2622846245403818,0.3951575920149409,-0.2622846245403818,44.09950142018627,nan,nan,nan
functional_group_to_boiling_point,Llama-3.1-8B,functional_group,boiling_point_c,regression,10_templates,10,8,functional_group,16,62,620,r2,-0.2603410660184794,0.3556205479634075,-0.2603410660184794,44.95311221753922,nan,nan,nan
functional_group_to_boiling_point,Llama-3.1-8B,functional_group,boiling_point_c,regression,10_templates,10,9,functional_group,16,62,620,r2,-0.31634617752460836,0.4087299502279154,-0.31634617752460836,46.2203194983513,nan,nan,nan
functional_group_to_boiling_point,Llama-3.1-8B,functional_group,boiling_point_c,regression,10_templates,10,10,functional_group,16,62,620,r2,-0.35919313973718586,0.4520337251266459,-0.35919313973718586,46.112680751903596,nan,nan,nan
functional_group_to_boiling_point,Llama-3.1-8B,functional_group,boiling_point_c,regression,10_templates,10,11,functional_group,16,62,620,r2,-0.22151191481797589,0.3886009142031255,-0.22151191481797589,44.59222250810695,nan,nan,nan
functional_group_to_boiling_point,Llama-3.1-8B,functional_group,boiling_point_c,regression,10_templates,10,12,functional_group,16,62,620,r2,-0.17275097265304035,0.29693814602178786,-0.17275097265304035,44.6127779947245,nan,nan,nan
functional_group_to_boiling_point,Llama-3.1-8B,functional_group,boiling_point_c,regression,10_templates,10,13,functional_group,16,62,620,r2,-0.11872390443689365,0.3759168186054239,-0.11872390443689365,43.50057968238749,nan,nan,nan
functional_group_to_boiling_point,Llama-3.1-8B,functional_group,boiling_point_c,regression,10_templates,10,14,functional_group,16,62,620,r2,-0.028651135946472905,0.4389410546864253,-0.028651135946472905,40.256363477783495,nan,nan,nan
functional_group_to_boiling_point,Llama-3.1-8B,functional_group,boiling_point_c,regression,10_templates,10,15,functional_group,16,62,620,r2,0.1598294854049191,0.30867471729002305,0.1598294854049191,36.73502146678394,nan,nan,nan
functional_group_to_boiling_point,Llama-3.1-8B,functional_group,boiling_point_c,regression,10_templates,10,16,functional_group,16,62,620,r2,0.1568514178352949,0.2417839593871713,0.1568514178352949,37.413807905733435,nan,nan,nan
functional_group_to_boiling_point,Llama-3.1-8B,functional_group,boiling_point_c,regression,10_templates,10,17,functional_group,16,62,620,r2,0.1135554915698487,0.191093428668481,0.1135554915698487,38.958764055199765,nan,nan,nan
functional_group_to_boiling_point,Llama-3.1-8B,functional_group,boiling_point_c,regression,10_templates,10,18,functional_group,16,62,620,r2,-0.02950831020592768,0.2113368983797828,-0.02950831020592768,41.06698439505617,nan,nan,nan
functional_group_to_boiling_point,Llama-3.1-8B,functional_group,boiling_point_c,regression,10_templates,10,19,functional_group,16,62,620,r2,0.005307490503529633,0.18754208517857102,0.005307490503529633,39.034222016747684,nan,nan,nan
functional_group_to_boiling_point,Llama-3.1-8B,functional_group,boiling_point_c,regression,10_templates,10,20,functional_group,16,62,620,r2,-0.1337840840071008,0.2317819314572336,-0.1337840840071008,41.13151540426527,nan,nan,nan
functional_group_to_boiling_point,Llama-3.1-8B,functional_group,boiling_point_c,regression,10_templates,10,21,functional_group,16,62,620,r2,-0.1267073382898613,0.5330936253065023,-0.1267073382898613,40.37280428950966,nan,nan,nan
functional_group_to_boiling_point,Llama-3.1-8B,functional_group,boiling_point_c,regression,10_templates,10,22,functional_group,16,62,620,r2,-0.14507259431549713,0.36664850717066205,-0.14507259431549713,42.46960970021965,nan,nan,nan
functional_group_to_boiling_point,Llama-3.1-8B,functional_group,boiling_point_c,regression,10_templates,10,23,functional_group,16,62,620,r2,-0.22031500405236487,0.49776660860182514,-0.22031500405236487,42.1906510701674,nan,nan,nan
functional_group_to_boiling_point,Llama-3.1-8B,functional_group,boiling_point_c,regression,10_templates,10,24,functional_group,16,62,620,r2,-0.21455675053888085,0.4830632774923515,-0.21455675053888085,42.49866098189635,nan,nan,nan
functional_group_to_boiling_point,Llama-3.1-8B,functional_group,boiling_point_c,regression,10_templates,10,25,functional_group,16,62,620,r2,-0.15573255693385954,0.31233579302374304,-0.15573255693385954,42.06281050431291,nan,nan,nan
functional_group_to_boiling_point,Llama-3.1-8B,functional_group,boiling_point_c,regression,10_templates,10,26,functional_group,16,62,620,r2,-0.14492289242991924,0.42603448507025604,-0.14492289242991924,40.93285638912139,nan,nan,nan
functional_group_to_boiling_point,Llama-3.1-8B,functional_group,boiling_point_c,regression,10_templates,10,27,functional_group,16,62,620,r2,-0.10980549754987072,0.5048390657214827,-0.10980549754987072,39.67236007874539,nan,nan,nan
functional_group_to_boiling_point,Llama-3.1-8B,functional_group,boiling_point_c,regression,10_templates,10,28,functional_group,16,62,620,r2,-0.3227503424952418,0.7919560453958283,-0.3227503424952418,42.71969582298134,nan,nan,nan
functional_group_to_boiling_point,Llama-3.1-8B,functional_group,boiling_point_c,regression,10_templates,10,29,functional_group,16,62,620,r2,-0.29777912429342834,0.6213583331769835,-0.29777912429342834,42.519360629227094,nan,nan,nan
functional_group_to_boiling_point,Llama-3.1-8B,functional_group,boiling_point_c,regression,10_templates,10,30,functional_group,16,62,620,r2,-0.45277073909959065,0.44481299977287364,-0.45277073909959065,46.33429089690919,nan,nan,nan
functional_group_to_boiling_point,Llama-3.1-8B,functional_group,boiling_point_c,regression,10_templates,10,31,functional_group,16,62,620,r2,-0.2638510213077467,0.4780817138780163,-0.2638510213077467,42.73143515996479,nan,nan,nan
functional_group_to_pka,Llama-3.1-8B,functional_group,pka,regression,10_templates,10,0,functional_group,15,72,720,r2,-481.52565558993047,960.2408406188463,-481.52565558993047,17.23453983474487,nan,nan,nan
functional_group_to_pka,Llama-3.1-8B,functional_group,pka,regression,10_templates,10,1,functional_group,15,72,720,r2,-307.23649800949846,613.4685018157359,-307.23649800949846,14.154196742653884,nan,nan,nan
functional_group_to_pka,Llama-3.1-8B,functional_group,pka,regression,10_templates,10,2,functional_group,15,72,720,r2,-337.5080381363008,673.5646641474489,-337.5080381363008,15.64167964178551,nan,nan,nan
functional_group_to_pka,Llama-3.1-8B,functional_group,pka,regression,10_templates,10,3,functional_group,15,72,720,r2,-267.8964550481944,534.922977727536,-267.8964550481944,13.886385513603912,nan,nan,nan
functional_group_to_pka,Llama-3.1-8B,functional_group,pka,regression,10_templates,10,4,functional_group,15,72,720,r2,-203.40916794709338,405.72498822246746,-203.40916794709338,13.252539537956915,nan,nan,nan
functional_group_to_pka,Llama-3.1-8B,functional_group,pka,regression,10_templates,10,5,functional_group,15,72,720,r2,-190.83463667043426,380.0335754351768,-190.83463667043426,13.950112051737662,nan,nan,nan
functional_group_to_pka,Llama-3.1-8B,functional_group,pka,regression,10_templates,10,6,functional_group,15,72,720,r2,-204.0570836452851,406.46377855776444,-204.0570836452851,14.376457753856432,nan,nan,nan
functional_group_to_pka,Llama-3.1-8B,functional_group,pka,regression,10_templates,10,7,functional_group,15,72,720,r2,-166.96439919477604,332.7855709838465,-166.96439919477604,13.45093566635704,nan,nan,nan
functional_group_to_pka,Llama-3.1-8B,functional_group,pka,regression,10_templates,10,8,functional_group,15,72,720,r2,-145.1609241699973,289.3040575970563,-145.1609241699973,12.928015557788205,nan,nan,nan
functional_group_to_pka,Llama-3.1-8B,functional_group,pka,regression,10_templates,10,9,functional_group,15,72,720,r2,-125.1513672918264,249.40425392123197,-125.1513672918264,12.375356989179569,nan,nan,nan
functional_group_to_pka,Llama-3.1-8B,functional_group,pka,regression,10_templates,10,10,functional_group,15,72,720,r2,-127.00748729096958,253.10958699576844,-127.00748729096958,12.64364886697872,nan,nan,nan
functional_group_to_pka,Llama-3.1-8B,functional_group,pka,regression,10_templates,10,11,functional_group,15,72,720,r2,-118.84645224600857,236.91190252450224,-118.84645224600857,12.374652791857248,nan,nan,nan
functional_group_to_pka,Llama-3.1-8B,functional_group,pka,regression,10_templates,10,12,functional_group,15,72,720,r2,-94.80853023874846,189.19961319074335,-94.80853023874846,11.498245818375683,nan,nan,nan
functional_group_to_pka,Llama-3.1-8B,functional_group,pka,regression,10_templates,10,13,functional_group,15,72,720,r2,-68.69088455632011,136.9633793070946,-68.69088455632011,11.079393974258545,nan,nan,nan
functional_group_to_pka,Llama-3.1-8B,functional_group,pka,regression,10_templates,10,14,functional_group,15,72,720,r2,-59.83924572490464,119.14653839667207,-59.83924572490464,11.091552541524184,nan,nan,nan
functional_group_to_pka,Llama-3.1-8B,functional_group,pka,regression,10_templates,10,15,functional_group,15,72,720,r2,-43.3361853652598,86.42033867590145,-43.3361853652598,10.583868691667837,nan,nan,nan
functional_group_to_pka,Llama-3.1-8B,functional_group,pka,regression,10_templates,10,16,functional_group,15,72,720,r2,-68.71640917433683,137.35552663057265,-68.71640917433683,10.86031645832426,nan,nan,nan
functional_group_to_pka,Llama-3.1-8B,functional_group,pka,regression,10_templates,10,17,functional_group,15,72,720,r2,-73.5259438290611,147.0940712398593,-73.5259438290611,10.45189132269598,nan,nan,nan
functional_group_to_pka,Llama-3.1-8B,functional_group,pka,regression,10_templates,10,18,functional_group,15,72,720,r2,-66.28741699406609,132.36198233330418,-66.28741699406609,10.809856450319739,nan,nan,nan
functional_group_to_pka,Llama-3.1-8B,functional_group,pka,regression,10_templates,10,19,functional_group,15,72,720,r2,-61.2198008477903,122.09788282055526,-61.2198008477903,11.274685497890601,nan,nan,nan
functional_group_to_pka,Llama-3.1-8B,functional_group,pka,regression,10_templates,10,20,functional_group,15,72,720,r2,-91.77147489725046,183.38430586381776,-91.77147489725046,11.209847918173008,nan,nan,nan
functional_group_to_pka,Llama-3.1-8B,functional_group,pka,regression,10_templates,10,21,functional_group,15,72,720,r2,-124.58043786077094,249.06546799539365,-124.58043786077094,11.569936468547617,nan,nan,nan
functional_group_to_pka,Llama-3.1-8B,functional_group,pka,regression,10_templates,10,22,functional_group,15,72,720,r2,-165.91912059423197,331.84677632648516,-165.91912059423197,11.560239487606072,nan,nan,nan
functional_group_to_pka,Llama-3.1-8B,functional_group,pka,regression,10_templates,10,23,functional_group,15,72,720,r2,-162.9983094825342,325.9865565650412,-162.9983094825342,11.560177127713018,nan,nan,nan
functional_group_to_pka,Llama-3.1-8B,functional_group,pka,regression,10_templates,10,24,functional_group,15,72,720,r2,-188.79819925283553,377.49673818514924,-188.79819925283553,12.234947667258243,nan,nan,nan
functional_group_to_pka,Llama-3.1-8B,functional_group,pka,regression,10_templates,10,25,functional_group,15,72,720,r2,-191.01759032449792,382.2160916820155,-191.01759032449792,11.426447919635857,nan,nan,nan
functional_group_to_pka,Llama-3.1-8B,functional_group,pka,regression,10_templates,10,26,functional_group,15,72,720,r2,-168.4353963572076,337.0582042870567,-168.4353963572076,11.334277889267577,nan,nan,nan
functional_group_to_pka,Llama-3.1-8B,functional_group,pka,regression,10_templates,10,27,functional_group,15,72,720,r2,-153.6224087257965,307.5975908048219,-153.6224087257965,10.727414372820448,nan,nan,nan
functional_group_to_pka,Llama-3.1-8B,functional_group,pka,regression,10_templates,10,28,functional_group,15,72,720,r2,-178.19173541496667,356.4883603083972,-178.19173541496667,11.491707589320432,nan,nan,nan
functional_group_to_pka,Llama-3.1-8B,functional_group,pka,regression,10_templates,10,29,functional_group,15,72,720,r2,-181.9409473830302,363.967641652725,-181.9409473830302,11.552366653068347,nan,nan,nan
functional_group_to_pka,Llama-3.1-8B,functional_group,pka,regression,10_templates,10,30,functional_group,15,72,720,r2,-159.7206646018774,319.656544193415,-159.7206646018774,11.221592906442183,nan,nan,nan
functional_group_to_pka,Llama-3.1-8B,functional_group,pka,regression,10_templates,10,31,functional_group,15,72,720,r2,-147.22153424224305,294.73631566802806,-147.22153424224305,11.035903913303747,nan,nan,nan
functional_group_to_pkah,Llama-3.1-8B,functional_group,pkah,regression,10_templates,10,0,functional_group,13,64,640,r2,-3.2652382796976114,3.606091363476382,-3.2652382796976114,5.105696645477981,nan,nan,nan
functional_group_to_pkah,Llama-3.1-8B,functional_group,pkah,regression,10_templates,10,1,functional_group,13,64,640,r2,-2.014302132967458,1.3924513284810422,-2.014302132967458,4.835303510158506,nan,nan,nan
functional_group_to_pkah,Llama-3.1-8B,functional_group,pkah,regression,10_templates,10,2,functional_group,13,64,640,r2,-1.180932243303261,0.8348056100603299,-1.180932243303261,4.670528547235153,nan,nan,nan
functional_group_to_pkah,Llama-3.1-8B,functional_group,pkah,regression,10_templates,10,3,functional_group,13,64,640,r2,-1.5488955138570932,2.0221522910164484,-1.5488955138570932,4.166324201936179,nan,nan,nan
functional_group_to_pkah,Llama-3.1-8B,functional_group,pkah,regression,10_templates,10,4,functional_group,13,64,640,r2,-2.0118242405381785,2.91295019290359,-2.0118242405381785,4.38634258071469,nan,nan,nan
functional_group_to_pkah,Llama-3.1-8B,functional_group,pkah,regression,10_templates,10,5,functional_group,13,64,640,r2,-1.687958604316653,2.3024817525320427,-1.687958604316653,4.453209306832249,nan,nan,nan
functional_group_to_pkah,Llama-3.1-8B,functional_group,pkah,regression,10_templates,10,6,functional_group,13,64,640,r2,-1.567751438396518,1.6673400051985785,-1.567751438396518,4.559503284401387,nan,nan,nan
functional_group_to_pkah,Llama-3.1-8B,functional_group,pkah,regression,10_templates,10,7,functional_group,13,64,640,r2,-1.9632894474758902,3.041204591612208,-1.9632894474758902,4.444390466447832,nan,nan,nan
functional_group_to_pkah,Llama-3.1-8B,functional_group,pkah,regression,10_templates,10,8,functional_group,13,64,640,r2,-1.5190960508372275,2.4917368185560314,-1.5190960508372275,4.298621789967631,nan,nan,nan
functional_group_to_pkah,Llama-3.1-8B,functional_group,pkah,regression,10_templates,10,9,functional_group,13,64,640,r2,-1.6715663738899784,2.370993653678079,-1.6715663738899784,4.419092633082532,nan,nan,nan
functional_group_to_pkah,Llama-3.1-8B,functional_group,pkah,regression,10_templates,10,10,functional_group,13,64,640,r2,-1.7878841700143568,2.594751390153215,-1.7878841700143568,4.403593716420313,nan,nan,nan
functional_group_to_pkah,Llama-3.1-8B,functional_group,pkah,regression,10_templates,10,11,functional_group,13,64,640,r2,-1.719917452523628,2.3898726898792284,-1.719917452523628,4.444817130240415,nan,nan,nan
functional_group_to_pkah,Llama-3.1-8B,functional_group,pkah,regression,10_templates,10,12,functional_group,13,64,640,r2,-1.360549521628333,2.0207982865363663,-1.360549521628333,4.163765419727007,nan,nan,nan
functional_group_to_pkah,Llama-3.1-8B,functional_group,pkah,regression,10_templates,10,13,functional_group,13,64,640,r2,-1.3994133302510783,1.8439761379359112,-1.3994133302510783,4.29533161264664,nan,nan,nan
functional_group_to_pkah,Llama-3.1-8B,functional_group,pkah,regression,10_templates,10,14,functional_group,13,64,640,r2,-1.9441803384978527,2.6795889433615807,-1.9441803384978527,4.47060467785763,nan,nan,nan
functional_group_to_pkah,Llama-3.1-8B,functional_group,pkah,regression,10_templates,10,15,functional_group,13,64,640,r2,-1.210884052563007,2.195783670325992,-1.210884052563007,3.919470789778932,nan,nan,nan
functional_group_to_pkah,Llama-3.1-8B,functional_group,pkah,regression,10_templates,10,16,functional_group,13,64,640,r2,-1.4054975103820744,3.075455598544444,-1.4054975103820744,3.5551792466622856,nan,nan,nan
functional_group_to_pkah,Llama-3.1-8B,functional_group,pkah,regression,10_templates,10,17,functional_group,13,64,640,r2,-1.9568880732835303,4.3422788861584625,-1.9568880732835303,3.316861809345453,nan,nan,nan
functional_group_to_pkah,Llama-3.1-8B,functional_group,pkah,regression,10_templates,10,18,functional_group,13,64,640,r2,-2.5569775930917893,5.3496895274016,-2.5569775930917893,3.5552447036226846,nan,nan,nan
functional_group_to_pkah,Llama-3.1-8B,functional_group,pkah,regression,10_templates,10,19,functional_group,13,64,640,r2,-3.7770407136185495,7.637819983807308,-3.7770407136185495,3.6789755328462173,nan,nan,nan
functional_group_to_pkah,Llama-3.1-8B,functional_group,pkah,regression,10_templates,10,20,functional_group,13,64,640,r2,-2.449749422571597,5.106491863205024,-2.449749422571597,3.4914671176647394,nan,nan,nan
functional_group_to_pkah,Llama-3.1-8B,functional_group,pkah,regression,10_templates,10,21,functional_group,13,64,640,r2,-1.6658787342797061,4.022189283206366,-1.6658787342797061,3.0195939581371283,nan,nan,nan
functional_group_to_pkah,Llama-3.1-8B,functional_group,pkah,regression,10_templates,10,22,functional_group,13,64,640,r2,-1.5783065973586605,3.8316445302300073,-1.5783065973586605,2.9055465232135704,nan,nan,nan
functional_group_to_pkah,Llama-3.1-8B,functional_group,pkah,regression,10_templates,10,23,functional_group,13,64,640,r2,-1.1042912595019516,2.8579294797814043,-1.1042912595019516,2.9026537335979916,nan,nan,nan
functional_group_to_pkah,Llama-3.1-8B,functional_group,pkah,regression,10_templates,10,24,functional_group,13,64,640,r2,-1.2601463888846958,3.1860859503083776,-1.2601463888846958,2.950373985353886,nan,nan,nan
functional_group_to_pkah,Llama-3.1-8B,functional_group,pkah,regression,10_templates,10,25,functional_group,13,64,640,r2,-1.380525122972407,3.326354614926759,-1.380525122972407,2.972424012431062,nan,nan,nan
functional_group_to_pkah,Llama-3.1-8B,functional_group,pkah,regression,10_templates,10,26,functional_group,13,64,640,r2,-1.24122930060978,3.0967856955475463,-1.24122930060978,2.9886587942880745,nan,nan,nan
functional_group_to_pkah,Llama-3.1-8B,functional_group,pkah,regression,10_templates,10,27,functional_group,13,64,640,r2,-1.0499005934557106,2.836080700870339,-1.0499005934557106,2.8523735278788287,nan,nan,nan
functional_group_to_pkah,Llama-3.1-8B,functional_group,pkah,regression,10_templates,10,28,functional_group,13,64,640,r2,-1.305086928835749,3.303914237183306,-1.305086928835749,2.9307160228791114,nan,nan,nan
functional_group_to_pkah,Llama-3.1-8B,functional_group,pkah,regression,10_templates,10,29,functional_group,13,64,640,r2,-1.438452116551779,3.5117847747221527,-1.438452116551779,2.975393028325337,nan,nan,nan
functional_group_to_pkah,Llama-3.1-8B,functional_group,pkah,regression,10_templates,10,30,functional_group,13,64,640,r2,-1.0756987913600586,2.636566620907605,-1.0756987913600586,3.0131869806285367,nan,nan,nan
functional_group_to_pkah,Llama-3.1-8B,functional_group,pkah,regression,10_templates,10,31,functional_group,13,64,640,r2,-1.1138025243751115,2.5569955311213226,-1.1138025243751115,3.134873160887467,nan,nan,nan
