iupac_name,common_name,formula,carbon_count,functional_group,functional_group_structure,functional_group_position,mw,pka,pkah,tpsa,avg_carbon_oxidation_state,hbd,hba,boiling_point_c,water_solubility,canonical_smiles,molecular_formula_plain,pair_id,original_subject,iupac_subject,smiles_subject,formula_subject
Propan-1-ol,n-propyl alcohol,CH3CH2CH2OH,3,alcohol,-OH,1,60.096,16.1,-2.35,20.23,-2.0,1,1,97.2,miscible,CCCO,C3H8O,alcohol_C3,Propan-1-ol (CH3CH2CH2OH),Propan-1-ol,the molecule with SMILES CCCO,the molecule with molecular formula C3H8O
Propan-2-ol,isopropanol,CC(O)C,3,alcohol,-OH,2,60.096,17.1,-2.35,20.23,-2.0,1,1,82.3,miscible,CC(C)O,C3H8O,alcohol_C3,Propan-2-ol (CC(O)C),Propan-2-ol,the molecule with SMILES CC(C)O,the molecule with molecular formula C3H8O
Butan-1-ol,n-butyl alcohol,CH3(CH2)3OH,4,alcohol,-OH,1,74.123,16.1,-2.35,20.23,-2.0,1,1,117.7,high,CCCCO,C4H10O,alcohol_C4,Butan-1-ol (CH3(CH2)3OH),Butan-1-ol,the molecule with SMILES CCCCO,the molecule with molecular formula C4H10O
Butan-2-ol,sec-butanol,CC(O)CC,4,alcohol,-OH,2,74.123,17.1,-2.35,20.23,-2.0,1,1,99.5,miscible,CCC(C)O,C4H10O,alcohol_C4,Butan-2-ol (CC(O)CC),Butan-2-ol,the molecule with SMILES CCC(C)O,the molecule with molecular formula C4H10O
Pentan-1-ol,n-amyl alcohol,CH3(CH2)4OH,5,alcohol,-OH,1,88.15,16.1,-2.35,20.23,-2.0,1,1,137.9,moderate,CCCCCO,C5H12O,alcohol_C5,Pentan-1-ol (CH3(CH2)4OH),Pentan-1-ol,the molecule with SMILES CCCCCO,the molecule with molecular formula C5H12O
Pentan-2-ol,sec-amyl alcohol,CC(O)CCC,5,alcohol,-OH,2,88.15,17.1,-2.35,20.23,-2.0,1,1,112.2,high,CCCC(C)O,C5H12O,alcohol_C5,Pentan-2-ol (CC(O)CCC),Pentan-2-ol,the molecule with SMILES CCCC(C)O,the molecule with molecular formula C5H12O
Hexan-1-ol,n-hexyl alcohol,CH3(CH2)5OH,6,alcohol,-OH,1,102.177,16.1,-2.35,20.23,-2.0,1,1,157.0,low,CCCCCCO,C6H14O,alcohol_C6,Hexan-1-ol (CH3(CH2)5OH),Hexan-1-ol,the molecule with SMILES CCCCCCO,the molecule with molecular formula C6H14O
Hexan-2-ol,sec-hexyl alcohol,CC(O)CCCC,6,alcohol,-OH,2,102.177,17.1,-2.35,20.23,-2.0,1,1,136.0,,CCCCC(C)O,C6H14O,alcohol_C6,Hexan-2-ol (CC(O)CCCC),Hexan-2-ol,the molecule with SMILES CCCCC(C)O,the molecule with molecular formula C6H14O
Propan-1-amine,n-propylamine,CH3CH2CH2NH2,3,amine,-NH2,1,59.112,35.0,10.69,26.02,-2.0,1,1,48.6,miscible,CCCN,C3H9N,amine_C3,Propan-1-amine (CH3CH2CH2NH2),Propan-1-amine,the molecule with SMILES CCCN,the molecule with molecular formula C3H9N
Propan-2-amine,isopropylamine,CC(N)C,3,amine,-NH2,2,59.112,35.0,10.63,26.02,-2.0,1,1,32.4,high,CC(C)N,C3H9N,amine_C3,Propan-2-amine (CC(N)C),Propan-2-amine,the molecule with SMILES CC(C)N,the molecule with molecular formula C3H9N
Butan-1-amine,n-butylamine,CH3(CH2)3NH2,4,amine,-NH2,1,73.139,35.0,10.653,26.02,-2.0,1,1,77.7,miscible,CCCCN,C4H11N,amine_C4,Butan-1-amine (CH3(CH2)3NH2),Butan-1-amine,the molecule with SMILES CCCCN,the molecule with molecular formula C4H11N
Butan-2-amine,sec-butylamine,CC(N)CC,4,amine,-NH2,2,73.139,35.0,10.63,26.02,-2.0,1,1,63.5,moderate,CCC(C)N,C4H11N,amine_C4,Butan-2-amine (CC(N)CC),Butan-2-amine,the molecule with SMILES CCC(C)N,the molecule with molecular formula C4H11N
Pentan-1-amine,n-amylamine,CH3(CH2)4NH2,5,amine,-NH2,1,87.166,35.0,10.63,26.02,-2.0,1,1,104.3,high,CCCCCN,C5H13N,amine_C5,Pentan-1-amine (CH3(CH2)4NH2),Pentan-1-amine,the molecule with SMILES CCCCCN,the molecule with molecular formula C5H13N
Pentan-2-amine,sec-amylamine,CC(N)CCC,5,amine,-NH2,2,87.166,35.0,10.63,26.02,-2.0,1,1,,,CCCC(C)N,C5H13N,amine_C5,Pentan-2-amine (CC(N)CCC),Pentan-2-amine,the molecule with SMILES CCCC(C)N,the molecule with molecular formula C5H13N
Hexan-1-amine,n-hexylamine,CH3(CH2)5NH2,6,amine,-NH2,1,101.193,35.0,10.64,26.02,-2.0,1,1,132.7,moderate,CCCCCCN,C6H15N,amine_C6,Hexan-1-amine (CH3(CH2)5NH2),Hexan-1-amine,the molecule with SMILES CCCCCCN,the molecule with molecular formula C6H15N
Hexan-2-amine,sec-hexylamine,CC(N)CCCC,6,amine,-NH2,2,101.193,35.0,10.63,26.02,-2.0,1,1,,,CCCCC(C)N,C6H15N,amine_C6,Hexan-2-amine (CC(N)CCCC),Hexan-2-amine,the molecule with SMILES CCCCC(C)N,the molecule with molecular formula C6H15N
Propane-1-thiol,n-propyl mercaptan,CH3CH2CH2SH,3,thiol,-SH,1,76.164,10.65,-6.8,1.0,-2.0,1,1,67.8,low,CCCS,C3H8S,thiol_C3,Propane-1-thiol (CH3CH2CH2SH),Propane-1-thiol,the molecule with SMILES CCCS,the molecule with molecular formula C3H8S
Propane-2-thiol,isopropyl mercaptan,CC(S)C,3,thiol,-SH,2,76.164,10.9,-6.8,0.0,-2.0,1,1,52.6,miscible,CC(C)S,C3H8S,thiol_C3,Propane-2-thiol (CC(S)C),Propane-2-thiol,the molecule with SMILES CC(C)S,the molecule with molecular formula C3H8S
Butane-1-thiol,n-butyl mercaptan,CH3(CH2)3SH,4,thiol,-SH,1,90.191,10.66,-6.8,1.0,-2.0,1,1,98.4,low,CCCCS,C4H10S,thiol_C4,Butane-1-thiol (CH3(CH2)3SH),Butane-1-thiol,the molecule with SMILES CCCCS,the molecule with molecular formula C4H10S
Butane-2-thiol,sec-butyl mercaptan,CC(S)CC,4,thiol,-SH,2,90.191,10.9,-6.8,0.0,-2.0,1,1,84.5,,CCC(C)S,C4H10S,thiol_C4,Butane-2-thiol (CC(S)CC),Butane-2-thiol,the molecule with SMILES CCC(C)S,the molecule with molecular formula C4H10S
Pentane-1-thiol,n-amyl mercaptan,CH3(CH2)4SH,5,thiol,-SH,1,104.218,10.6,-6.8,1.0,-2.0,1,1,126.5,very low,CCCCCS,C5H12S,thiol_C5,Pentane-1-thiol (CH3(CH2)4SH),Pentane-1-thiol,the molecule with SMILES CCCCCS,the molecule with molecular formula C5H12S
Pentane-2-thiol,sec-amyl mercaptan,CC(S)CCC,5,thiol,-SH,2,104.218,10.9,-6.8,0.0,-2.0,1,1,113.0,low,CCCC(C)S,C5H12S,thiol_C5,Pentane-2-thiol (CC(S)CCC),Pentane-2-thiol,the molecule with SMILES CCCC(C)S,the molecule with molecular formula C5H12S
Hexane-1-thiol,n-hexyl mercaptan,CH3(CH2)5SH,6,thiol,-SH,1,118.245,10.3,-6.8,1.0,-2.0,1,1,151.0,very low,CCCCCCS,C6H14S,thiol_C6,Hexane-1-thiol (CH3(CH2)5SH),Hexane-1-thiol,the molecule with SMILES CCCCCCS,the molecule with molecular formula C6H14S
Hexane-2-thiol,sec-hexyl mercaptan,CC(S)CCCC,6,thiol,-SH,2,118.245,10.9,-6.8,0.0,-2.0,1,1,,,CCCCC(C)S,C6H14S,thiol_C6,Hexane-2-thiol (CC(S)CCCC),Hexane-2-thiol,the molecule with SMILES CCCCC(C)S,the molecule with molecular formula C6H14S
