entity_type,target_type,layer,score
functional_group,classification,0,0.9236257309941521
functional_group,classification,1,0.9735672514619884
functional_group,classification,2,0.977251461988304
functional_group,classification,3,0.9828070175438596
functional_group,classification,4,0.9839181286549706
functional_group,classification,5,0.9783625730994151
functional_group,classification,6,0.9783625730994151
functional_group,classification,7,0.977251461988304
functional_group,classification,8,0.9761403508771929
functional_group,classification,9,0.9761988304093567
functional_group,classification,10,0.9774269005847953
functional_group,classification,11,0.9741520467836258
functional_group,classification,12,0.9761988304093567
functional_group,classification,13,0.9816959064327484
functional_group,classification,14,0.9850877192982456
functional_group,classification,15,0.9881286549707602
functional_group,classification,16,0.9850877192982456
functional_group,classification,17,0.9935087719298246
functional_group,classification,18,0.9956140350877194
functional_group,classification,19,0.9955555555555555
functional_group,classification,20,0.9934502923976609
functional_group,classification,21,0.9945614035087719
functional_group,classification,22,0.9966666666666667
functional_group,classification,23,0.9966666666666667
functional_group,classification,24,0.9988888888888889
functional_group,classification,25,0.9977777777777778
functional_group,classification,26,0.9977777777777778
functional_group,classification,27,0.9978362573099415
functional_group,classification,28,0.9967251461988305
functional_group,classification,29,0.9978362573099415
functional_group,classification,30,0.9977777777777778
functional_group,classification,31,0.9977777777777778
functional_group_structure,classification,0,0.9541353383458647
functional_group_structure,classification,1,0.9562238930659983
functional_group_structure,classification,2,0.9736006683375104
functional_group_structure,classification,3,0.9783625730994151
functional_group_structure,classification,4,0.9799498746867167
functional_group_structure,classification,5,0.9767752715121135
functional_group_structure,classification,6,0.9767752715121135
functional_group_structure,classification,7,0.9736842105263157
functional_group_structure,classification,8,0.9768588137009189
functional_group_structure,classification,9,0.9783625730994151
functional_group_structure,classification,10,0.9768588137009189
functional_group_structure,classification,11,0.9783625730994151
functional_group_structure,classification,12,0.9783625730994151
functional_group_structure,classification,13,0.9768588137009189
functional_group_structure,classification,14,0.9829573934837093
functional_group_structure,classification,15,0.9799498746867167
functional_group_structure,classification,16,0.9830409356725147
functional_group_structure,classification,17,0.9815371762740183
functional_group_structure,classification,18,0.9846282372598163
functional_group_structure,classification,19,0.9969089390142022
functional_group_structure,classification,20,0.9969089390142022
functional_group_structure,classification,21,0.9969089390142022
functional_group_structure,classification,22,0.9969089390142022
functional_group_structure,classification,23,0.9969089390142022
functional_group_structure,classification,24,0.9968253968253968
functional_group_structure,classification,25,0.9984126984126984
functional_group_structure,classification,26,0.9922305764411027
functional_group_structure,classification,27,0.9875522138680033
functional_group_structure,classification,28,0.9875522138680033
functional_group_structure,classification,29,0.9860484544695071
functional_group_structure,classification,30,0.9954887218045112
functional_group_structure,classification,31,0.9984962406015038
mw,regression,0,0.9480272877674072
mw,regression,1,0.9595485126602729
mw,regression,2,0.9612851470562411
mw,regression,3,0.9447453612985584
mw,regression,4,0.9350781126270592
mw,regression,5,0.9266783662245579
mw,regression,6,0.9322516614362227
mw,regression,7,0.9353304837461811
mw,regression,8,0.9288443733441065
mw,regression,9,0.9237408892898247
mw,regression,10,0.9192727631022211
mw,regression,11,0.9217968918493424
mw,regression,12,0.9296290054505627
mw,regression,13,0.9317204350145827
mw,regression,14,0.9505043656318776
mw,regression,15,0.949105557400934
mw,regression,16,0.970995206070812
mw,regression,17,0.9732175166237562
mw,regression,18,0.9820442163996018
mw,regression,19,0.982311739070151
mw,regression,20,0.9808804998563303
mw,regression,21,0.9812966848259638
mw,regression,22,0.9774837446868283
mw,regression,23,0.975060877502754
mw,regression,24,0.9772596845673647
mw,regression,25,0.9763786862493191
mw,regression,26,0.9780159934934556
mw,regression,27,0.9742734026819869
mw,regression,28,0.9730810908734124
mw,regression,29,0.9713389915118901
mw,regression,30,0.9684284182292068
mw,regression,31,0.9657720717225298
pka,regression,0,0.9660949492411216
pka,regression,1,0.9814424869608137
pka,regression,2,0.9808407366806726
pka,regression,3,0.9582260952589662
pka,regression,4,0.969609160404274
pka,regression,5,0.967417043755795
pka,regression,6,0.9674963894728144
pka,regression,7,0.9693778392865628
pka,regression,8,0.9700805966221762
pka,regression,9,0.9747226471337923
pka,regression,10,0.9782388377650435
pka,regression,11,0.9779359881202551
pka,regression,12,0.9781540109673907
pka,regression,13,0.9740773451452653
pka,regression,14,0.9747155662234718
pka,regression,15,0.977456348363823
pka,regression,16,0.9803000333183352
pka,regression,17,0.9806199160088331
pka,regression,18,0.9809240312203867
pka,regression,19,0.9832533824825097
pka,regression,20,0.9833829919175463
pka,regression,21,0.9819644981214113
pka,regression,22,0.9825102359813241
pka,regression,23,0.9827994394823587
pka,regression,24,0.9814891397712163
pka,regression,25,0.9810265768223673
pka,regression,26,0.9815013817050859
pka,regression,27,0.9793358839462579
pka,regression,28,0.9761020119673691
pka,regression,29,0.9743016450994306
pka,regression,30,0.9754183032752348
pka,regression,31,0.9776019061832615
pkah,regression,0,0.9926192730399764
pkah,regression,1,0.9873935445720751
pkah,regression,2,0.9804153019564552
pkah,regression,3,0.9690755568982885
pkah,regression,4,0.9600542564844396
pkah,regression,5,0.957251864319241
pkah,regression,6,0.9613372347526763
pkah,regression,7,0.9652086541021582
pkah,regression,8,0.9686130693798052
pkah,regression,9,0.9714704657453576
pkah,regression,10,0.9648847450434832
pkah,regression,11,0.9669405297926239
pkah,regression,12,0.9754687489635415
pkah,regression,13,0.979538533586106
pkah,regression,14,0.9791358354052496
pkah,regression,15,0.9792658460135101
pkah,regression,16,0.9789183085450318
pkah,regression,17,0.9764605286114898
pkah,regression,18,0.9792665956679194
pkah,regression,19,0.9783215962898367
pkah,regression,20,0.9819093153551075
pkah,regression,21,0.98467691562686
pkah,regression,22,0.9872231677931627
pkah,regression,23,0.986947366268949
pkah,regression,24,0.98759189843442
pkah,regression,25,0.988603087031162
pkah,regression,26,0.9868858357120956
pkah,regression,27,0.9874968295426394
pkah,regression,28,0.9884101127812543
pkah,regression,29,0.9877149278273463
pkah,regression,30,0.9874038746717877
pkah,regression,31,0.9868654063483694
tpsa,regression,0,0.9831642952174955
tpsa,regression,1,0.9845183850778525
tpsa,regression,2,0.9790130040645604
tpsa,regression,3,0.9642156105287535
tpsa,regression,4,0.9564364931993772
tpsa,regression,5,0.9545707271071546
tpsa,regression,6,0.9582319560326761
tpsa,regression,7,0.9509219260212921
tpsa,regression,8,0.9529087765488808
tpsa,regression,9,0.9531601348747687
tpsa,regression,10,0.9552614281810724
tpsa,regression,11,0.9537513795526991
tpsa,regression,12,0.9644360814485127
tpsa,regression,13,0.9636618363134433
tpsa,regression,14,0.9649202743929823
tpsa,regression,15,0.9577394730331863
tpsa,regression,16,0.9649795742448072
tpsa,regression,17,0.9642152428251632
tpsa,regression,18,0.9676111282706887
tpsa,regression,19,0.9712166092913515
tpsa,regression,20,0.9706666997271926
tpsa,regression,21,0.970315948840689
tpsa,regression,22,0.9704442166826283
tpsa,regression,23,0.9696725477154212
tpsa,regression,24,0.9704445388250791
tpsa,regression,25,0.9668934329355778
tpsa,regression,26,0.9630455276516653
tpsa,regression,27,0.9643208836594768
tpsa,regression,28,0.9659860754932312
tpsa,regression,29,0.9660553737199026
tpsa,regression,30,0.9632161413085042
tpsa,regression,31,0.9582179316554373
avg_carbon_oxidation_state,regression,0,0.8211098178689908
avg_carbon_oxidation_state,regression,1,0.8620391473645824
avg_carbon_oxidation_state,regression,2,0.8058202647445318
avg_carbon_oxidation_state,regression,3,0.7961266143697203
avg_carbon_oxidation_state,regression,4,0.8350712435009348
avg_carbon_oxidation_state,regression,5,0.8437221441963242
avg_carbon_oxidation_state,regression,6,0.8460115443018325
avg_carbon_oxidation_state,regression,7,0.8457071989898077
avg_carbon_oxidation_state,regression,8,0.8428458552174183
avg_carbon_oxidation_state,regression,9,0.8545946680430196
avg_carbon_oxidation_state,regression,10,0.8494342143403927
avg_carbon_oxidation_state,regression,11,0.8256257764460753
avg_carbon_oxidation_state,regression,12,0.8405377985540425
avg_carbon_oxidation_state,regression,13,0.8528811101134798
avg_carbon_oxidation_state,regression,14,0.8757355371629583
avg_carbon_oxidation_state,regression,15,0.8845571364765508
avg_carbon_oxidation_state,regression,16,0.9037762508117868
avg_carbon_oxidation_state,regression,17,0.894676275109798
avg_carbon_oxidation_state,regression,18,0.8986771803372793
avg_carbon_oxidation_state,regression,19,0.8995399842623508
avg_carbon_oxidation_state,regression,20,0.9026944546379958
avg_carbon_oxidation_state,regression,21,0.9077073906848158
avg_carbon_oxidation_state,regression,22,0.905665095453587
avg_carbon_oxidation_state,regression,23,0.907949226154755
avg_carbon_oxidation_state,regression,24,0.9044527430169367
avg_carbon_oxidation_state,regression,25,0.9062901286649261
avg_carbon_oxidation_state,regression,26,0.9077551679692876
avg_carbon_oxidation_state,regression,27,0.9078115321600935
avg_carbon_oxidation_state,regression,28,0.9065976260825046
avg_carbon_oxidation_state,regression,29,0.9060881217098045
avg_carbon_oxidation_state,regression,30,0.9056945697530054
avg_carbon_oxidation_state,regression,31,0.9051990751683082
hbd,regression,0,0.9596647103780755
hbd,regression,1,0.963602095204202
hbd,regression,2,0.94857465759852
hbd,regression,3,0.9347334136647305
hbd,regression,4,0.9282185030346888
hbd,regression,5,0.9203570667372947
hbd,regression,6,0.9156194550525196
hbd,regression,7,0.9261794566642138
hbd,regression,8,0.9295835951336237
hbd,regression,9,0.9328632977520362
hbd,regression,10,0.9348119159221081
hbd,regression,11,0.932437491185038
hbd,regression,12,0.9346224020174947
hbd,regression,13,0.9394176407098319
hbd,regression,14,0.9332298761470337
hbd,regression,15,0.9378640695317312
hbd,regression,16,0.9344091407646941
hbd,regression,17,0.932002664032856
hbd,regression,18,0.9396709867207074
hbd,regression,19,0.9415098008056336
hbd,regression,20,0.9414796715807924
hbd,regression,21,0.940954364314071
hbd,regression,22,0.9380259606620864
hbd,regression,23,0.9373272606153602
hbd,regression,24,0.9341885779389891
hbd,regression,25,0.933578302784243
hbd,regression,26,0.9322721977388475
hbd,regression,27,0.9344501209783826
hbd,regression,28,0.9333267412100914
hbd,regression,29,0.9347727199916855
hbd,regression,30,0.9317034618201274
hbd,regression,31,0.9214564639373327
hba,regression,0,0.9534852041265077
hba,regression,1,0.9477545794937635
hba,regression,2,0.9427865919699088
hba,regression,3,0.9291535062978801
hba,regression,4,0.9269356681703165
hba,regression,5,0.9168000371825379
hba,regression,6,0.9220052286890088
hba,regression,7,0.9213152873788623
hba,regression,8,0.9244602084648286
hba,regression,9,0.9304423233151733
hba,regression,10,0.9369913659705157
hba,regression,11,0.9375176598056584
hba,regression,12,0.9429277809465288
hba,regression,13,0.9466801711839137
hba,regression,14,0.9496252601967979
hba,regression,15,0.9466938087820409
hba,regression,16,0.9594496295189284
hba,regression,17,0.9591511847075329
hba,regression,18,0.9594078787132349
hba,regression,19,0.9614057511955565
hba,regression,20,0.9593645831417558
hba,regression,21,0.9579338530349852
hba,regression,22,0.9573573452655733
hba,regression,23,0.9583193629003972
hba,regression,24,0.9573069186130546
hba,regression,25,0.9571818402198031
hba,regression,26,0.9568746772138217
hba,regression,27,0.9562214948854159
hba,regression,28,0.9564840053240523
hba,regression,29,0.9558330641732915
hba,regression,30,0.9577649380383801
hba,regression,31,0.9549623701839863
boiling_point_c,regression,0,0.803685397379725
boiling_point_c,regression,1,0.8856727430188478
boiling_point_c,regression,2,0.8813910529640993
boiling_point_c,regression,3,0.8760559939404018
boiling_point_c,regression,4,0.8933415635570228
boiling_point_c,regression,5,0.8683201974721889
boiling_point_c,regression,6,0.8782989265991288
boiling_point_c,regression,7,0.8995483309726907
boiling_point_c,regression,8,0.9028841573385487
boiling_point_c,regression,9,0.9111721805324852
boiling_point_c,regression,10,0.919135524450936
boiling_point_c,regression,11,0.9150882027733107
boiling_point_c,regression,12,0.8893347199380315
boiling_point_c,regression,13,0.865942881450977
boiling_point_c,regression,14,0.8578558557315145
boiling_point_c,regression,15,0.868210020318289
boiling_point_c,regression,16,0.8845931096640387
boiling_point_c,regression,17,0.8982281100068894
boiling_point_c,regression,18,0.9019941726846407
boiling_point_c,regression,19,0.9010819872571323
boiling_point_c,regression,20,0.8789437158614121
boiling_point_c,regression,21,0.8834435401385378
boiling_point_c,regression,22,0.8824386712848863
boiling_point_c,regression,23,0.8725251008410936
boiling_point_c,regression,24,0.8716247908608509
boiling_point_c,regression,25,0.8683172935643967
boiling_point_c,regression,26,0.8519100518274367
boiling_point_c,regression,27,0.854372377374818
boiling_point_c,regression,28,0.8454535932719874
boiling_point_c,regression,29,0.8537242675110539
boiling_point_c,regression,30,0.8462132366460985
boiling_point_c,regression,31,0.8256712905971805
water_solubility,classification,0,0.47549707602339186
water_solubility,classification,1,0.5021637426900585
water_solubility,classification,2,0.4893567251461988
water_solubility,classification,3,0.4799415204678363
water_solubility,classification,4,0.4916959064327485
water_solubility,classification,5,0.49912280701754386
water_solubility,classification,6,0.4978947368421053
water_solubility,classification,7,0.5262573099415204
water_solubility,classification,8,0.5358479532163742
water_solubility,classification,9,0.5369590643274853
water_solubility,classification,10,0.5536842105263158
water_solubility,classification,11,0.5563157894736842
water_solubility,classification,12,0.565204678362573
water_solubility,classification,13,0.558654970760234
water_solubility,classification,14,0.5423976608187135
water_solubility,classification,15,0.5530409356725147
water_solubility,classification,16,0.5422222222222222
water_solubility,classification,17,0.5590058479532164
water_solubility,classification,18,0.5493567251461988
water_solubility,classification,19,0.5533333333333333
water_solubility,classification,20,0.5480701754385965
water_solubility,classification,21,0.5414035087719299
water_solubility,classification,22,0.5350877192982455
water_solubility,classification,23,0.5307017543859649
water_solubility,classification,24,0.5370760233918128
water_solubility,classification,25,0.5326900584795322
water_solubility,classification,26,0.5426315789473686
water_solubility,classification,27,0.5456140350877192
water_solubility,classification,28,0.5492397660818713
water_solubility,classification,29,0.5446783625730994
water_solubility,classification,30,0.5239766081871344
water_solubility,classification,31,0.520877192982456
