experiment,model,source_entity,target_column,target_type,prompt_name,templates_per_molecule,layer,n_molecules,n_prompt_activations,primary_metric,score,score_std,r2,mae,accuracy,balanced_accuracy,macro_f1
mw_to_functional_group,Llama-3.1-8B,mw,functional_group,classification,11_templates,11,0,92,1012,accuracy,0.924455077086656,0.06380435881630808,nan,nan,0.924455077086656,0.929469696969697,0.8676268708296307
mw_to_functional_group,Llama-3.1-8B,mw,functional_group,classification,11_templates,11,1,92,1012,accuracy,0.9741095162147794,0.02070609818646992,nan,nan,0.9741095162147794,0.9718181818181819,0.9378188956290744
mw_to_functional_group,Llama-3.1-8B,mw,functional_group,classification,11_templates,11,2,92,1012,accuracy,0.9743753322700691,0.020300830014779725,nan,nan,0.9743753322700691,0.9695454545454545,0.9415875205210721
mw_to_functional_group,Llama-3.1-8B,mw,functional_group,classification,11_templates,11,3,92,1012,accuracy,0.9855396065922382,0.017617489234543964,nan,nan,0.9855396065922382,0.9836363636363636,0.9578392246965948
mw_to_functional_group,Llama-3.1-8B,mw,functional_group,classification,11_templates,11,4,92,1012,accuracy,0.9970760233918128,0.0038557074671916733,nan,nan,0.9970760233918128,0.9975757575757577,0.9856901311249138
mw_to_functional_group,Llama-3.1-8B,mw,functional_group,classification,11_templates,11,5,92,1012,accuracy,0.9911749069643807,0.005714488802460498,nan,nan,0.9911749069643807,0.990530303030303,0.9678190986844776
mw_to_functional_group,Llama-3.1-8B,mw,functional_group,classification,11_templates,11,6,92,1012,accuracy,0.9960127591706538,0.005881687054094342,nan,nan,0.9960127591706538,0.9953787878787879,0.98516307819848
mw_to_functional_group,Llama-3.1-8B,mw,functional_group,classification,11_templates,11,7,92,1012,accuracy,0.994949494949495,0.010101010101010121,nan,nan,0.994949494949495,0.9943181818181819,0.9847750865051903
mw_to_functional_group,Llama-3.1-8B,mw,functional_group,classification,11_templates,11,8,92,1012,accuracy,1.0,0.0,nan,nan,1.0,1.0,1.0
mw_to_functional_group,Llama-3.1-8B,mw,functional_group,classification,11_templates,11,9,92,1012,accuracy,1.0,0.0,nan,nan,1.0,1.0,1.0
mw_to_functional_group,Llama-3.1-8B,mw,functional_group,classification,11_templates,11,10,92,1012,accuracy,1.0,0.0,nan,nan,1.0,1.0,1.0
mw_to_functional_group,Llama-3.1-8B,mw,functional_group,classification,11_templates,11,11,92,1012,accuracy,0.999043062200957,0.0019138755980861342,nan,nan,0.999043062200957,0.9987878787878788,0.9869047619047618
mw_to_functional_group,Llama-3.1-8B,mw,functional_group,classification,11_templates,11,12,92,1012,accuracy,1.0,0.0,nan,nan,1.0,1.0,1.0
mw_to_functional_group,Llama-3.1-8B,mw,functional_group,classification,11_templates,11,13,92,1012,accuracy,1.0,0.0,nan,nan,1.0,1.0,1.0
mw_to_functional_group,Llama-3.1-8B,mw,functional_group,classification,11_templates,11,14,92,1012,accuracy,1.0,0.0,nan,nan,1.0,1.0,1.0
mw_to_functional_group,Llama-3.1-8B,mw,functional_group,classification,11_templates,11,15,92,1012,accuracy,0.9969696969696968,0.006060606060606055,nan,nan,0.9969696969696968,0.996590909090909,0.9965263157894736
mw_to_functional_group,Llama-3.1-8B,mw,functional_group,classification,11_templates,11,16,92,1012,accuracy,1.0,0.0,nan,nan,1.0,1.0,1.0
mw_to_functional_group,Llama-3.1-8B,mw,functional_group,classification,11_templates,11,17,92,1012,accuracy,1.0,0.0,nan,nan,1.0,1.0,1.0
mw_to_functional_group,Llama-3.1-8B,mw,functional_group,classification,11_templates,11,18,92,1012,accuracy,1.0,0.0,nan,nan,1.0,1.0,1.0
mw_to_functional_group,Llama-3.1-8B,mw,functional_group,classification,11_templates,11,19,92,1012,accuracy,1.0,0.0,nan,nan,1.0,1.0,1.0
mw_to_functional_group,Llama-3.1-8B,mw,functional_group,classification,11_templates,11,20,92,1012,accuracy,1.0,0.0,nan,nan,1.0,1.0,1.0
mw_to_functional_group,Llama-3.1-8B,mw,functional_group,classification,11_templates,11,21,92,1012,accuracy,1.0,0.0,nan,nan,1.0,1.0,1.0
mw_to_functional_group,Llama-3.1-8B,mw,functional_group,classification,11_templates,11,22,92,1012,accuracy,1.0,0.0,nan,nan,1.0,1.0,1.0
mw_to_functional_group,Llama-3.1-8B,mw,functional_group,classification,11_templates,11,23,92,1012,accuracy,1.0,0.0,nan,nan,1.0,1.0,1.0
mw_to_functional_group,Llama-3.1-8B,mw,functional_group,classification,11_templates,11,24,92,1012,accuracy,1.0,0.0,nan,nan,1.0,1.0,1.0
mw_to_functional_group,Llama-3.1-8B,mw,functional_group,classification,11_templates,11,25,92,1012,accuracy,1.0,0.0,nan,nan,1.0,1.0,1.0
mw_to_functional_group,Llama-3.1-8B,mw,functional_group,classification,11_templates,11,26,92,1012,accuracy,0.999043062200957,0.0019138755980861342,nan,nan,0.999043062200957,0.9993939393939394,0.9872093023255815
mw_to_functional_group,Llama-3.1-8B,mw,functional_group,classification,11_templates,11,27,92,1012,accuracy,0.9980861244019138,0.0038277511961722684,nan,nan,0.9980861244019138,0.9987878787878788,0.9869047619047618
mw_to_functional_group,Llama-3.1-8B,mw,functional_group,classification,11_templates,11,28,92,1012,accuracy,0.9980861244019138,0.0038277511961722684,nan,nan,0.9980861244019138,0.9987878787878788,0.9869047619047618
mw_to_functional_group,Llama-3.1-8B,mw,functional_group,classification,11_templates,11,29,92,1012,accuracy,0.9980861244019138,0.0038277511961722684,nan,nan,0.9980861244019138,0.9987878787878788,0.9869047619047618
mw_to_functional_group,Llama-3.1-8B,mw,functional_group,classification,11_templates,11,30,92,1012,accuracy,0.9980861244019138,0.0038277511961722684,nan,nan,0.9980861244019138,0.9987878787878788,0.9869047619047618
mw_to_functional_group,Llama-3.1-8B,mw,functional_group,classification,11_templates,11,31,92,1012,accuracy,0.9980861244019138,0.0038277511961722684,nan,nan,0.9980861244019138,0.9987878787878788,0.9869047619047618
pka_to_functional_group,Llama-3.1-8B,pka,functional_group,classification,11_templates,11,0,92,1012,accuracy,0.9285486443381181,0.059738608686045136,nan,nan,0.9285486443381181,0.9306060606060607,0.869944606365651
pka_to_functional_group,Llama-3.1-8B,pka,functional_group,classification,11_templates,11,1,92,1012,accuracy,0.9668261562998406,0.04541843608955221,nan,nan,0.9668261562998406,0.9624242424242425,0.9332399827136786
pka_to_functional_group,Llama-3.1-8B,pka,functional_group,classification,11_templates,11,2,92,1012,accuracy,0.9753322700691122,0.022051776966429463,nan,nan,0.9753322700691122,0.9700757575757576,0.9515939483805894
pka_to_functional_group,Llama-3.1-8B,pka,functional_group,classification,11_templates,11,3,92,1012,accuracy,0.9930887825624668,0.007533435229736682,nan,nan,0.9930887825624668,0.9924242424242424,0.9801609931468374
pka_to_functional_group,Llama-3.1-8B,pka,functional_group,classification,11_templates,11,4,92,1012,accuracy,0.9931419457735247,0.00719257183425316,nan,nan,0.9931419457735247,0.9941666666666666,0.9828196169772256
pka_to_functional_group,Llama-3.1-8B,pka,functional_group,classification,11_templates,11,5,92,1012,accuracy,0.9942583732057416,0.007655502392344499,nan,nan,0.9942583732057416,0.9957575757575757,0.9837006177515191
pka_to_functional_group,Llama-3.1-8B,pka,functional_group,classification,11_templates,11,6,92,1012,accuracy,0.999043062200957,0.0019138755980861342,nan,nan,0.999043062200957,0.9993939393939394,0.9872093023255815
pka_to_functional_group,Llama-3.1-8B,pka,functional_group,classification,11_templates,11,7,92,1012,accuracy,0.999043062200957,0.0019138755980861342,nan,nan,0.999043062200957,0.9993939393939394,0.9991102123356926
pka_to_functional_group,Llama-3.1-8B,pka,functional_group,classification,11_templates,11,8,92,1012,accuracy,1.0,0.0,nan,nan,1.0,1.0,1.0
pka_to_functional_group,Llama-3.1-8B,pka,functional_group,classification,11_templates,11,9,92,1012,accuracy,1.0,0.0,nan,nan,1.0,1.0,1.0
pka_to_functional_group,Llama-3.1-8B,pka,functional_group,classification,11_templates,11,10,92,1012,accuracy,0.998989898989899,0.0020202020202020328,nan,nan,0.998989898989899,0.9988636363636363,0.9876750700280112
pka_to_functional_group,Llama-3.1-8B,pka,functional_group,classification,11_templates,11,11,92,1012,accuracy,0.994949494949495,0.010101010101010121,nan,nan,0.994949494949495,0.9943181818181819,0.9842635775537836
pka_to_functional_group,Llama-3.1-8B,pka,functional_group,classification,11_templates,11,12,92,1012,accuracy,0.994949494949495,0.010101010101010121,nan,nan,0.994949494949495,0.9943181818181819,0.9842635775537836
pka_to_functional_group,Llama-3.1-8B,pka,functional_group,classification,11_templates,11,13,92,1012,accuracy,0.997979797979798,0.004040404040404022,nan,nan,0.997979797979798,0.9977272727272727,0.9870588235294118
pka_to_functional_group,Llama-3.1-8B,pka,functional_group,classification,11_templates,11,14,92,1012,accuracy,0.997979797979798,0.004040404040404022,nan,nan,0.997979797979798,0.9977272727272727,0.986547314578005
pka_to_functional_group,Llama-3.1-8B,pka,functional_group,classification,11_templates,11,15,92,1012,accuracy,0.997979797979798,0.004040404040404022,nan,nan,0.997979797979798,0.9977272727272727,0.9977083333333333
pka_to_functional_group,Llama-3.1-8B,pka,functional_group,classification,11_templates,11,16,92,1012,accuracy,1.0,0.0,nan,nan,1.0,1.0,1.0
pka_to_functional_group,Llama-3.1-8B,pka,functional_group,classification,11_templates,11,17,92,1012,accuracy,1.0,0.0,nan,nan,1.0,1.0,1.0
pka_to_functional_group,Llama-3.1-8B,pka,functional_group,classification,11_templates,11,18,92,1012,accuracy,1.0,0.0,nan,nan,1.0,1.0,1.0
pka_to_functional_group,Llama-3.1-8B,pka,functional_group,classification,11_templates,11,19,92,1012,accuracy,1.0,0.0,nan,nan,1.0,1.0,1.0
pka_to_functional_group,Llama-3.1-8B,pka,functional_group,classification,11_templates,11,20,92,1012,accuracy,1.0,0.0,nan,nan,1.0,1.0,1.0
pka_to_functional_group,Llama-3.1-8B,pka,functional_group,classification,11_templates,11,21,92,1012,accuracy,1.0,0.0,nan,nan,1.0,1.0,1.0
pka_to_functional_group,Llama-3.1-8B,pka,functional_group,classification,11_templates,11,22,92,1012,accuracy,1.0,0.0,nan,nan,1.0,1.0,1.0
pka_to_functional_group,Llama-3.1-8B,pka,functional_group,classification,11_templates,11,23,92,1012,accuracy,1.0,0.0,nan,nan,1.0,1.0,1.0
pka_to_functional_group,Llama-3.1-8B,pka,functional_group,classification,11_templates,11,24,92,1012,accuracy,1.0,0.0,nan,nan,1.0,1.0,1.0
pka_to_functional_group,Llama-3.1-8B,pka,functional_group,classification,11_templates,11,25,92,1012,accuracy,1.0,0.0,nan,nan,1.0,1.0,1.0
pka_to_functional_group,Llama-3.1-8B,pka,functional_group,classification,11_templates,11,26,92,1012,accuracy,1.0,0.0,nan,nan,1.0,1.0,1.0
pka_to_functional_group,Llama-3.1-8B,pka,functional_group,classification,11_templates,11,27,92,1012,accuracy,1.0,0.0,nan,nan,1.0,1.0,1.0
pka_to_functional_group,Llama-3.1-8B,pka,functional_group,classification,11_templates,11,28,92,1012,accuracy,1.0,0.0,nan,nan,1.0,1.0,1.0
pka_to_functional_group,Llama-3.1-8B,pka,functional_group,classification,11_templates,11,29,92,1012,accuracy,1.0,0.0,nan,nan,1.0,1.0,1.0
pka_to_functional_group,Llama-3.1-8B,pka,functional_group,classification,11_templates,11,30,92,1012,accuracy,1.0,0.0,nan,nan,1.0,1.0,1.0
pka_to_functional_group,Llama-3.1-8B,pka,functional_group,classification,11_templates,11,31,92,1012,accuracy,0.999043062200957,0.0019138755980861342,nan,nan,0.999043062200957,0.9987878787878788,0.9987853692201518
tpsa_to_functional_group,Llama-3.1-8B,tpsa,functional_group,classification,11_templates,11,0,92,1012,accuracy,0.9169059011164273,0.05882206003587649,nan,nan,0.9169059011164273,0.9221212121212121,0.8590041864571916
tpsa_to_functional_group,Llama-3.1-8B,tpsa,functional_group,classification,11_templates,11,1,92,1012,accuracy,0.9651780967570442,0.0397076162189836,nan,nan,0.9651780967570442,0.9628030303030302,0.9376762501964142
tpsa_to_functional_group,Llama-3.1-8B,tpsa,functional_group,classification,11_templates,11,2,92,1012,accuracy,0.9733120680489101,0.023142550920013726,nan,nan,0.9733120680489101,0.9677272727272728,0.950026500371609
tpsa_to_functional_group,Llama-3.1-8B,tpsa,functional_group,classification,11_templates,11,3,92,1012,accuracy,0.9863902179691653,0.011460834239372093,nan,nan,0.9863902179691653,0.9851515151515151,0.9726409506070695
tpsa_to_functional_group,Llama-3.1-8B,tpsa,functional_group,classification,11_templates,11,4,92,1012,accuracy,0.9902711323763956,0.006732234393738096,nan,nan,0.9902711323763956,0.9904545454545455,0.9672986360829612
tpsa_to_functional_group,Llama-3.1-8B,tpsa,functional_group,classification,11_templates,11,5,92,1012,accuracy,0.9873471557682084,0.007631467379730667,nan,nan,0.9873471557682084,0.9881060606060605,0.9414389995128486
tpsa_to_functional_group,Llama-3.1-8B,tpsa,functional_group,classification,11_templates,11,6,92,1012,accuracy,0.9852737905369484,0.007562641957292197,nan,nan,0.9852737905369484,0.9845454545454546,0.9501041312634388
tpsa_to_functional_group,Llama-3.1-8B,tpsa,functional_group,classification,11_templates,11,7,92,1012,accuracy,0.9901648059542797,0.009168149501243943,nan,nan,0.9901648059542797,0.9892424242424243,0.9779888121282238
tpsa_to_functional_group,Llama-3.1-8B,tpsa,functional_group,classification,11_templates,11,8,92,1012,accuracy,0.9931951089845826,0.007206704179832225,nan,nan,0.9931951089845826,0.9927272727272728,0.9805567214588955
tpsa_to_functional_group,Llama-3.1-8B,tpsa,functional_group,classification,11_templates,11,9,92,1012,accuracy,0.9930356193514088,0.002562885867771139,nan,nan,0.9930356193514088,0.9923484848484849,0.9584481925676686
tpsa_to_functional_group,Llama-3.1-8B,tpsa,functional_group,classification,11_templates,11,10,92,1012,accuracy,0.9892610313662946,0.006932857789679693,nan,nan,0.9892610313662946,0.9887121212121214,0.9425638989006059
tpsa_to_functional_group,Llama-3.1-8B,tpsa,functional_group,classification,11_templates,11,11,92,1012,accuracy,0.9921318447634236,0.004968983070940084,nan,nan,0.9921318447634236,0.9916666666666668,0.9581259387813097
tpsa_to_functional_group,Llama-3.1-8B,tpsa,functional_group,classification,11_templates,11,12,92,1012,accuracy,0.9940457203615098,0.004971826226789227,nan,nan,0.9940457203615098,0.993560606060606,0.9587656334774166
tpsa_to_functional_group,Llama-3.1-8B,tpsa,functional_group,classification,11_templates,11,13,92,1012,accuracy,0.997979797979798,0.004040404040404022,nan,nan,0.997979797979798,0.9977272727272727,0.9870588235294118
tpsa_to_functional_group,Llama-3.1-8B,tpsa,functional_group,classification,11_templates,11,14,92,1012,accuracy,0.9970228601807548,0.0040151424962252295,nan,nan,0.9970228601807548,0.9965151515151515,0.985332683798157
tpsa_to_functional_group,Llama-3.1-8B,tpsa,functional_group,classification,11_templates,11,15,92,1012,accuracy,0.9939925571504519,0.0058999189363126234,nan,nan,0.9939925571504519,0.9929545454545454,0.9703265174872391
tpsa_to_functional_group,Llama-3.1-8B,tpsa,functional_group,classification,11_templates,11,16,92,1012,accuracy,0.998989898989899,0.0020202020202020328,nan,nan,0.998989898989899,0.9988636363636363,0.9876750700280112
tpsa_to_functional_group,Llama-3.1-8B,tpsa,functional_group,classification,11_templates,11,17,92,1012,accuracy,0.9970228601807548,0.0040151424962252295,nan,nan,0.9970228601807548,0.9971212121212123,0.9856575269136977
tpsa_to_functional_group,Llama-3.1-8B,tpsa,functional_group,classification,11_templates,11,18,92,1012,accuracy,0.998989898989899,0.0020202020202020328,nan,nan,0.998989898989899,0.9988636363636363,0.9876750700280112
tpsa_to_functional_group,Llama-3.1-8B,tpsa,functional_group,classification,11_templates,11,19,92,1012,accuracy,0.998989898989899,0.0020202020202020328,nan,nan,0.998989898989899,0.9988636363636363,0.9988612836438924
tpsa_to_functional_group,Llama-3.1-8B,tpsa,functional_group,classification,11_templates,11,20,92,1012,accuracy,0.998989898989899,0.0020202020202020328,nan,nan,0.998989898989899,0.9988636363636363,0.9988612836438924
tpsa_to_functional_group,Llama-3.1-8B,tpsa,functional_group,classification,11_templates,11,21,92,1012,accuracy,0.9980329611908558,0.0024105867195650613,nan,nan,0.9980329611908558,0.9982575757575758,0.9979714959795849
tpsa_to_functional_group,Llama-3.1-8B,tpsa,functional_group,classification,11_templates,11,22,92,1012,accuracy,0.9970760233918128,0.0038557074671916733,nan,nan,0.9970760233918128,0.9976515151515152,0.9971152518978605
tpsa_to_functional_group,Llama-3.1-8B,tpsa,functional_group,classification,11_templates,11,23,92,1012,accuracy,0.9960659223817118,0.004821173439130094,nan,nan,0.9960659223817118,0.9965151515151515,0.9847529736532294
tpsa_to_functional_group,Llama-3.1-8B,tpsa,functional_group,classification,11_templates,11,24,92,1012,accuracy,0.9950558213716109,0.006307406677283955,nan,nan,0.9950558213716109,0.9953787878787879,0.9840718591021458
tpsa_to_functional_group,Llama-3.1-8B,tpsa,functional_group,classification,11_templates,11,25,92,1012,accuracy,0.9950558213716109,0.006307406677283955,nan,nan,0.9950558213716109,0.9953787878787879,0.9840718591021458
tpsa_to_functional_group,Llama-3.1-8B,tpsa,functional_group,classification,11_templates,11,26,92,1012,accuracy,0.9940457203615098,0.005820339813255158,nan,nan,0.9940457203615098,0.9942424242424244,0.9831988432291301
tpsa_to_functional_group,Llama-3.1-8B,tpsa,functional_group,classification,11_templates,11,27,92,1012,accuracy,0.9950558213716109,0.006307406677283955,nan,nan,0.9950558213716109,0.9953787878787879,0.9840718591021458
tpsa_to_functional_group,Llama-3.1-8B,tpsa,functional_group,classification,11_templates,11,28,92,1012,accuracy,0.9950558213716109,0.006307406677283955,nan,nan,0.9950558213716109,0.9953787878787879,0.9840718591021458
tpsa_to_functional_group,Llama-3.1-8B,tpsa,functional_group,classification,11_templates,11,29,92,1012,accuracy,0.9930887825624668,0.0066676925444393905,nan,nan,0.9930887825624668,0.9930303030303029,0.982267626297913
tpsa_to_functional_group,Llama-3.1-8B,tpsa,functional_group,classification,11_templates,11,30,92,1012,accuracy,0.9931419457735247,0.003886372542795764,nan,nan,0.9931419457735247,0.9929545454545454,0.9704232127633663
tpsa_to_functional_group,Llama-3.1-8B,tpsa,functional_group,classification,11_templates,11,31,92,1012,accuracy,0.9633705475810739,0.011006710723749077,nan,nan,0.9633705475810739,0.9590151515151515,0.8957879226235033
functional_group_to_mw,Llama-3.1-8B,functional_group,mw,regression,10_templates,10,0,92,920,r2,0.9006747575547948,0.10875732931667137,0.9006747575547948,4.517510270159178,nan,nan,nan
functional_group_to_mw,Llama-3.1-8B,functional_group,mw,regression,10_templates,10,1,92,920,r2,0.9528845506032475,0.019937756543671,0.9528845506032475,4.255964899603692,nan,nan,nan
functional_group_to_mw,Llama-3.1-8B,functional_group,mw,regression,10_templates,10,2,92,920,r2,0.965755381735196,0.006805548882151466,0.965755381735196,3.925932825720993,nan,nan,nan
functional_group_to_mw,Llama-3.1-8B,functional_group,mw,regression,10_templates,10,3,92,920,r2,0.9436561163465156,0.01059332603227581,0.9436561163465156,5.250438459885311,nan,nan,nan
functional_group_to_mw,Llama-3.1-8B,functional_group,mw,regression,10_templates,10,4,92,920,r2,0.9310330582192169,0.026124988727325705,0.9310330582192169,5.745982701671784,nan,nan,nan
functional_group_to_mw,Llama-3.1-8B,functional_group,mw,regression,10_templates,10,5,92,920,r2,0.9366519516282924,0.018806175537155342,0.9366519516282924,5.496804104908669,nan,nan,nan
functional_group_to_mw,Llama-3.1-8B,functional_group,mw,regression,10_templates,10,6,92,920,r2,0.9297969623115039,0.019001328078945813,0.9297969623115039,5.771255631774627,nan,nan,nan
functional_group_to_mw,Llama-3.1-8B,functional_group,mw,regression,10_templates,10,7,92,920,r2,0.9379000024375983,0.017989402375546963,0.9379000024375983,5.4038067490005,nan,nan,nan
functional_group_to_mw,Llama-3.1-8B,functional_group,mw,regression,10_templates,10,8,92,920,r2,0.9373640694515529,0.015461064350569964,0.9373640694515529,5.3530150543424835,nan,nan,nan
functional_group_to_mw,Llama-3.1-8B,functional_group,mw,regression,10_templates,10,9,92,920,r2,0.9489524529787637,0.013835217165793827,0.9489524529787637,4.90600585755369,nan,nan,nan
functional_group_to_mw,Llama-3.1-8B,functional_group,mw,regression,10_templates,10,10,92,920,r2,0.9515940023263149,0.011003232318031422,0.9515940023263149,4.779840662413616,nan,nan,nan
functional_group_to_mw,Llama-3.1-8B,functional_group,mw,regression,10_templates,10,11,92,920,r2,0.9400213187284644,0.016846783436274125,0.9400213187284644,5.265783991716316,nan,nan,nan
functional_group_to_mw,Llama-3.1-8B,functional_group,mw,regression,10_templates,10,12,92,920,r2,0.9390093280960354,0.01927076970227061,0.9390093280960354,5.357471363048654,nan,nan,nan
functional_group_to_mw,Llama-3.1-8B,functional_group,mw,regression,10_templates,10,13,92,920,r2,0.9301800122965046,0.02113108690566372,0.9301800122965046,5.6165224837602,nan,nan,nan
functional_group_to_mw,Llama-3.1-8B,functional_group,mw,regression,10_templates,10,14,92,920,r2,0.9315380137917092,0.02580011873969956,0.9315380137917092,5.5017648854176695,nan,nan,nan
functional_group_to_mw,Llama-3.1-8B,functional_group,mw,regression,10_templates,10,15,92,920,r2,0.9322313707804168,0.02353290559637803,0.9322313707804168,5.699687033516617,nan,nan,nan
functional_group_to_mw,Llama-3.1-8B,functional_group,mw,regression,10_templates,10,16,92,920,r2,0.9434832695577093,0.018629411682401797,0.9434832695577093,5.432173493514661,nan,nan,nan
functional_group_to_mw,Llama-3.1-8B,functional_group,mw,regression,10_templates,10,17,92,920,r2,0.9405691971412449,0.019219878413009543,0.9405691971412449,5.348073323975057,nan,nan,nan
functional_group_to_mw,Llama-3.1-8B,functional_group,mw,regression,10_templates,10,18,92,920,r2,0.9456437793197331,0.01955125396822435,0.9456437793197331,5.140077861862781,nan,nan,nan
functional_group_to_mw,Llama-3.1-8B,functional_group,mw,regression,10_templates,10,19,92,920,r2,0.9468970957606505,0.016451402702858157,0.9468970957606505,5.244482955589743,nan,nan,nan
functional_group_to_mw,Llama-3.1-8B,functional_group,mw,regression,10_templates,10,20,92,920,r2,0.9440291955332711,0.0163519384942232,0.9440291955332711,5.366365753943128,nan,nan,nan
functional_group_to_mw,Llama-3.1-8B,functional_group,mw,regression,10_templates,10,21,92,920,r2,0.9453698804427958,0.019291512677934164,0.9453698804427958,5.221123561031633,nan,nan,nan
functional_group_to_mw,Llama-3.1-8B,functional_group,mw,regression,10_templates,10,22,92,920,r2,0.9534592955154467,0.019597051951755515,0.9534592955154467,4.7224413554799956,nan,nan,nan
functional_group_to_mw,Llama-3.1-8B,functional_group,mw,regression,10_templates,10,23,92,920,r2,0.958558859866741,0.01780525295201461,0.958558859866741,4.441262020775923,nan,nan,nan
functional_group_to_mw,Llama-3.1-8B,functional_group,mw,regression,10_templates,10,24,92,920,r2,0.963286270306838,0.017256969729987564,0.963286270306838,4.0976837303221085,nan,nan,nan
functional_group_to_mw,Llama-3.1-8B,functional_group,mw,regression,10_templates,10,25,92,920,r2,0.96268015731385,0.018458309093112513,0.96268015731385,4.15913327612588,nan,nan,nan
functional_group_to_mw,Llama-3.1-8B,functional_group,mw,regression,10_templates,10,26,92,920,r2,0.9628751392500907,0.019421174462926096,0.9628751392500907,4.104960199310559,nan,nan,nan
functional_group_to_mw,Llama-3.1-8B,functional_group,mw,regression,10_templates,10,27,92,920,r2,0.9652355658145652,0.015216552233198326,0.9652355658145652,4.036344851438698,nan,nan,nan
functional_group_to_mw,Llama-3.1-8B,functional_group,mw,regression,10_templates,10,28,92,920,r2,0.9660152923082267,0.01600005787464761,0.9660152923082267,4.005299357578165,nan,nan,nan
functional_group_to_mw,Llama-3.1-8B,functional_group,mw,regression,10_templates,10,29,92,920,r2,0.9694113557023613,0.011937361404729452,0.9694113557023613,3.868507860565451,nan,nan,nan
functional_group_to_mw,Llama-3.1-8B,functional_group,mw,regression,10_templates,10,30,92,920,r2,0.9758411911516017,0.006508916604364406,0.9758411911516017,3.5035323351989947,nan,nan,nan
functional_group_to_mw,Llama-3.1-8B,functional_group,mw,regression,10_templates,10,31,92,920,r2,0.9747751974309441,0.011012101238236944,0.9747751974309441,3.56325613547384,nan,nan,nan
functional_group_to_boiling_point,Llama-3.1-8B,functional_group,boiling_point_c,regression,10_templates,10,0,62,620,r2,0.8064593622334588,0.17450988333932013,0.8064593622334588,13.815870506881694,nan,nan,nan
functional_group_to_boiling_point,Llama-3.1-8B,functional_group,boiling_point_c,regression,10_templates,10,1,62,620,r2,0.892219386575062,0.0692374513418101,0.892219386575062,11.311235239848454,nan,nan,nan
functional_group_to_boiling_point,Llama-3.1-8B,functional_group,boiling_point_c,regression,10_templates,10,2,62,620,r2,0.8922618968827483,0.036337700804374096,0.8922618968827483,12.011735845268001,nan,nan,nan
functional_group_to_boiling_point,Llama-3.1-8B,functional_group,boiling_point_c,regression,10_templates,10,3,62,620,r2,0.8291092373783726,0.08159816079260983,0.8291092373783726,14.229284485499832,nan,nan,nan
functional_group_to_boiling_point,Llama-3.1-8B,functional_group,boiling_point_c,regression,10_templates,10,4,62,620,r2,0.8683993601169974,0.048214759482886616,0.8683993601169974,13.156411531483537,nan,nan,nan
functional_group_to_boiling_point,Llama-3.1-8B,functional_group,boiling_point_c,regression,10_templates,10,5,62,620,r2,0.8668151344901449,0.053715467255056826,0.8668151344901449,13.532681191610482,nan,nan,nan
functional_group_to_boiling_point,Llama-3.1-8B,functional_group,boiling_point_c,regression,10_templates,10,6,62,620,r2,0.857911142711848,0.06665036052107917,0.857911142711848,13.993655648202107,nan,nan,nan
functional_group_to_boiling_point,Llama-3.1-8B,functional_group,boiling_point_c,regression,10_templates,10,7,62,620,r2,0.848952638685366,0.07107726522370011,0.848952638685366,14.116093689969862,nan,nan,nan
functional_group_to_boiling_point,Llama-3.1-8B,functional_group,boiling_point_c,regression,10_templates,10,8,62,620,r2,0.8567517645483793,0.06816867468471503,0.8567517645483793,14.07638905930705,nan,nan,nan
functional_group_to_boiling_point,Llama-3.1-8B,functional_group,boiling_point_c,regression,10_templates,10,9,62,620,r2,0.8689999852962815,0.054709093209695095,0.8689999852962815,13.599097372761866,nan,nan,nan
functional_group_to_boiling_point,Llama-3.1-8B,functional_group,boiling_point_c,regression,10_templates,10,10,62,620,r2,0.8784591775813325,0.06489427816137332,0.8784591775813325,13.200795652898865,nan,nan,nan
functional_group_to_boiling_point,Llama-3.1-8B,functional_group,boiling_point_c,regression,10_templates,10,11,62,620,r2,0.8809467907868397,0.05176391306691957,0.8809467907868397,13.369261245007811,nan,nan,nan
functional_group_to_boiling_point,Llama-3.1-8B,functional_group,boiling_point_c,regression,10_templates,10,12,62,620,r2,0.8744740967632023,0.05725687765996499,0.8744740967632023,13.663467720803073,nan,nan,nan
functional_group_to_boiling_point,Llama-3.1-8B,functional_group,boiling_point_c,regression,10_templates,10,13,62,620,r2,0.8661196667132682,0.07138613206813851,0.8661196667132682,13.516974961522669,nan,nan,nan
functional_group_to_boiling_point,Llama-3.1-8B,functional_group,boiling_point_c,regression,10_templates,10,14,62,620,r2,0.8756032589781142,0.050684110532383926,0.8756032589781142,13.62177464678896,nan,nan,nan
functional_group_to_boiling_point,Llama-3.1-8B,functional_group,boiling_point_c,regression,10_templates,10,15,62,620,r2,0.885577801188251,0.06994120147965868,0.885577801188251,12.8161694700233,nan,nan,nan
functional_group_to_boiling_point,Llama-3.1-8B,functional_group,boiling_point_c,regression,10_templates,10,16,62,620,r2,0.898285570441913,0.038133601463929225,0.898285570441913,12.605835999660439,nan,nan,nan
functional_group_to_boiling_point,Llama-3.1-8B,functional_group,boiling_point_c,regression,10_templates,10,17,62,620,r2,0.8914632628699183,0.06600151604929662,0.8914632628699183,12.3284895819135,nan,nan,nan
functional_group_to_boiling_point,Llama-3.1-8B,functional_group,boiling_point_c,regression,10_templates,10,18,62,620,r2,0.897934481197694,0.06661700038597963,0.897934481197694,11.825817772901644,nan,nan,nan
functional_group_to_boiling_point,Llama-3.1-8B,functional_group,boiling_point_c,regression,10_templates,10,19,62,620,r2,0.9046156080927258,0.053768926309680797,0.9046156080927258,11.983711895644817,nan,nan,nan
functional_group_to_boiling_point,Llama-3.1-8B,functional_group,boiling_point_c,regression,10_templates,10,20,62,620,r2,0.9134506901889777,0.04749799520529025,0.9134506901889777,11.403271973039239,nan,nan,nan
functional_group_to_boiling_point,Llama-3.1-8B,functional_group,boiling_point_c,regression,10_templates,10,21,62,620,r2,0.9134705585596425,0.03890974692163283,0.9134705585596425,11.566342540799674,nan,nan,nan
functional_group_to_boiling_point,Llama-3.1-8B,functional_group,boiling_point_c,regression,10_templates,10,22,62,620,r2,0.919857905137427,0.0344270056675805,0.919857905137427,11.118825111533498,nan,nan,nan
functional_group_to_boiling_point,Llama-3.1-8B,functional_group,boiling_point_c,regression,10_templates,10,23,62,620,r2,0.9081823696044182,0.038660423937462544,0.9081823696044182,11.878085516663413,nan,nan,nan
functional_group_to_boiling_point,Llama-3.1-8B,functional_group,boiling_point_c,regression,10_templates,10,24,62,620,r2,0.9126398244780656,0.027616605586058093,0.9126398244780656,11.774938257202004,nan,nan,nan
functional_group_to_boiling_point,Llama-3.1-8B,functional_group,boiling_point_c,regression,10_templates,10,25,62,620,r2,0.9056307390830334,0.029794931913780603,0.9056307390830334,11.901692045888414,nan,nan,nan
functional_group_to_boiling_point,Llama-3.1-8B,functional_group,boiling_point_c,regression,10_templates,10,26,62,620,r2,0.9026552518140377,0.03312936461824989,0.9026552518140377,12.204968340528513,nan,nan,nan
functional_group_to_boiling_point,Llama-3.1-8B,functional_group,boiling_point_c,regression,10_templates,10,27,62,620,r2,0.891802803167861,0.03869896725822333,0.891802803167861,12.64336918568366,nan,nan,nan
functional_group_to_boiling_point,Llama-3.1-8B,functional_group,boiling_point_c,regression,10_templates,10,28,62,620,r2,0.8863504068732222,0.05530537416557283,0.8863504068732222,12.562743078895624,nan,nan,nan
functional_group_to_boiling_point,Llama-3.1-8B,functional_group,boiling_point_c,regression,10_templates,10,29,62,620,r2,0.8843520825035919,0.07017312108690799,0.8843520825035919,12.362913158698614,nan,nan,nan
functional_group_to_boiling_point,Llama-3.1-8B,functional_group,boiling_point_c,regression,10_templates,10,30,62,620,r2,0.8947944898983866,0.0611294882674136,0.8947944898983866,11.899652165882088,nan,nan,nan
functional_group_to_boiling_point,Llama-3.1-8B,functional_group,boiling_point_c,regression,10_templates,10,31,62,620,r2,0.8981052704008284,0.05371439374730674,0.8981052704008284,11.536165875571935,nan,nan,nan
functional_group_to_pka,Llama-3.1-8B,functional_group,pka,regression,10_templates,10,0,72,720,r2,0.9590164296234789,0.028426241840637658,0.9590164296234789,1.7858794228481423,nan,nan,nan
functional_group_to_pka,Llama-3.1-8B,functional_group,pka,regression,10_templates,10,1,72,720,r2,0.9875112911331403,0.0056646666090102715,0.9875112911331403,1.1563880884975049,nan,nan,nan
functional_group_to_pka,Llama-3.1-8B,functional_group,pka,regression,10_templates,10,2,72,720,r2,0.983282326103242,0.002998934473248116,0.983282326103242,1.4801868132719924,nan,nan,nan
functional_group_to_pka,Llama-3.1-8B,functional_group,pka,regression,10_templates,10,3,72,720,r2,0.9691052982082023,0.012762607715489269,0.9691052982082023,2.0183358723303995,nan,nan,nan
functional_group_to_pka,Llama-3.1-8B,functional_group,pka,regression,10_templates,10,4,72,720,r2,0.9622928330878475,0.013609788798243356,0.9622928330878475,2.260881803394371,nan,nan,nan
functional_group_to_pka,Llama-3.1-8B,functional_group,pka,regression,10_templates,10,5,72,720,r2,0.957271940813861,0.011172336947006535,0.957271940813861,2.438162042339162,nan,nan,nan
functional_group_to_pka,Llama-3.1-8B,functional_group,pka,regression,10_templates,10,6,72,720,r2,0.9517480031678478,0.016670014884085736,0.9517480031678478,2.489997758208742,nan,nan,nan
functional_group_to_pka,Llama-3.1-8B,functional_group,pka,regression,10_templates,10,7,72,720,r2,0.9525913163558372,0.012432919727819756,0.9525913163558372,2.4978550554838885,nan,nan,nan
functional_group_to_pka,Llama-3.1-8B,functional_group,pka,regression,10_templates,10,8,72,720,r2,0.9565229666205735,0.006967290699244137,0.9565229666205735,2.465731960693612,nan,nan,nan
functional_group_to_pka,Llama-3.1-8B,functional_group,pka,regression,10_templates,10,9,72,720,r2,0.9545543714440123,0.00871279790830219,0.9545543714440123,2.4769749407645563,nan,nan,nan
functional_group_to_pka,Llama-3.1-8B,functional_group,pka,regression,10_templates,10,10,72,720,r2,0.9566766946037994,0.005759683997274355,0.9566766946037994,2.4500538256461133,nan,nan,nan
functional_group_to_pka,Llama-3.1-8B,functional_group,pka,regression,10_templates,10,11,72,720,r2,0.9598683537880127,0.005234718960723152,0.9598683537880127,2.3136848595959068,nan,nan,nan
functional_group_to_pka,Llama-3.1-8B,functional_group,pka,regression,10_templates,10,12,72,720,r2,0.963967610246606,0.005756223030498563,0.963967610246606,2.2341937659165074,nan,nan,nan
functional_group_to_pka,Llama-3.1-8B,functional_group,pka,regression,10_templates,10,13,72,720,r2,0.9650744449606105,0.004552197285183831,0.9650744449606105,2.1394762397084053,nan,nan,nan
functional_group_to_pka,Llama-3.1-8B,functional_group,pka,regression,10_templates,10,14,72,720,r2,0.9621362826316915,0.006420719150809528,0.9621362826316915,2.2445772634595245,nan,nan,nan
functional_group_to_pka,Llama-3.1-8B,functional_group,pka,regression,10_templates,10,15,72,720,r2,0.9637408475718715,0.006055072002374701,0.9637408475718715,2.2092585651533363,nan,nan,nan
functional_group_to_pka,Llama-3.1-8B,functional_group,pka,regression,10_templates,10,16,72,720,r2,0.9708970157634885,0.001971142187240178,0.9708970157634885,2.0678400724049473,nan,nan,nan
functional_group_to_pka,Llama-3.1-8B,functional_group,pka,regression,10_templates,10,17,72,720,r2,0.9727051142182906,0.004771831014754807,0.9727051142182906,1.8762215105159687,nan,nan,nan
functional_group_to_pka,Llama-3.1-8B,functional_group,pka,regression,10_templates,10,18,72,720,r2,0.9736266526372164,0.003300938748204349,0.9736266526372164,1.8607362875626017,nan,nan,nan
functional_group_to_pka,Llama-3.1-8B,functional_group,pka,regression,10_templates,10,19,72,720,r2,0.9734256694202479,0.00731692677779937,0.9734256694202479,1.9041364312469309,nan,nan,nan
functional_group_to_pka,Llama-3.1-8B,functional_group,pka,regression,10_templates,10,20,72,720,r2,0.9747758342692967,0.006697704635609444,0.9747758342692967,1.844826291158731,nan,nan,nan
functional_group_to_pka,Llama-3.1-8B,functional_group,pka,regression,10_templates,10,21,72,720,r2,0.9760055392650155,0.005137744150474483,0.9760055392650155,1.8061120488065232,nan,nan,nan
functional_group_to_pka,Llama-3.1-8B,functional_group,pka,regression,10_templates,10,22,72,720,r2,0.9775025528103966,0.006500120142976467,0.9775025528103966,1.700590956988697,nan,nan,nan
functional_group_to_pka,Llama-3.1-8B,functional_group,pka,regression,10_templates,10,23,72,720,r2,0.9776952041409486,0.007613572222384891,0.9776952041409486,1.6463158476876203,nan,nan,nan
functional_group_to_pka,Llama-3.1-8B,functional_group,pka,regression,10_templates,10,24,72,720,r2,0.9789668303624826,0.005952972292111027,0.9789668303624826,1.6222975846679861,nan,nan,nan
functional_group_to_pka,Llama-3.1-8B,functional_group,pka,regression,10_templates,10,25,72,720,r2,0.9795988712117977,0.006541217831441367,0.9795988712117977,1.5675864541080577,nan,nan,nan
functional_group_to_pka,Llama-3.1-8B,functional_group,pka,regression,10_templates,10,26,72,720,r2,0.9822358739273025,0.004927456402916425,0.9822358739273025,1.4743474025331247,nan,nan,nan
functional_group_to_pka,Llama-3.1-8B,functional_group,pka,regression,10_templates,10,27,72,720,r2,0.9828560286002729,0.004221016200047153,0.9828560286002729,1.4583988347931973,nan,nan,nan
functional_group_to_pka,Llama-3.1-8B,functional_group,pka,regression,10_templates,10,28,72,720,r2,0.982869563686991,0.004349905576106034,0.982869563686991,1.4763592964809478,nan,nan,nan
functional_group_to_pka,Llama-3.1-8B,functional_group,pka,regression,10_templates,10,29,72,720,r2,0.9828882356033036,0.005185948025188847,0.9828882356033036,1.4883243247409974,nan,nan,nan
functional_group_to_pka,Llama-3.1-8B,functional_group,pka,regression,10_templates,10,30,72,720,r2,0.9846597483412394,0.0042659414764867655,0.9846597483412394,1.4076329074385616,nan,nan,nan
functional_group_to_pka,Llama-3.1-8B,functional_group,pka,regression,10_templates,10,31,72,720,r2,0.9844182621282431,0.0037751004378079934,0.9844182621282431,1.439080094874806,nan,nan,nan
functional_group_to_functional_group_structure,Llama-3.1-8B,functional_group,functional_group_structure,classification,10_templates,10,0,92,920,accuracy,0.9225146198830408,0.06826042022822801,nan,nan,0.9225146198830408,0.9257500000000001,0.858625757995506
functional_group_to_functional_group_structure,Llama-3.1-8B,functional_group,functional_group_structure,classification,10_templates,10,1,92,920,accuracy,0.9735672514619884,0.025959643319775582,nan,nan,0.9735672514619884,0.9696666666666666,0.9531685743450451
functional_group_to_functional_group_structure,Llama-3.1-8B,functional_group,functional_group_structure,classification,10_templates,10,2,92,920,accuracy,0.977251461988304,0.02569002586515824,nan,nan,0.977251461988304,0.9720833333333333,0.9631532644338628
functional_group_to_functional_group_structure,Llama-3.1-8B,functional_group,functional_group_structure,classification,10_templates,10,3,92,920,accuracy,0.9828070175438596,0.02046733499803919,nan,nan,0.9828070175438596,0.97875,0.9634564191335693
functional_group_to_functional_group_structure,Llama-3.1-8B,functional_group,functional_group_structure,classification,10_templates,10,4,92,920,accuracy,0.9839181286549706,0.020008205970188372,nan,nan,0.9839181286549706,0.9800833333333333,0.9645512194693652
functional_group_to_functional_group_structure,Llama-3.1-8B,functional_group,functional_group_structure,classification,10_templates,10,5,92,920,accuracy,0.9783625730994151,0.021068058025800324,nan,nan,0.9783625730994151,0.9735833333333334,0.9458307613245136
functional_group_to_functional_group_structure,Llama-3.1-8B,functional_group,functional_group_structure,classification,10_templates,10,6,92,920,accuracy,0.9773099415204678,0.02266155441175116,nan,nan,0.9773099415204678,0.9729166666666667,0.9347730764619506
functional_group_to_functional_group_structure,Llama-3.1-8B,functional_group,functional_group_structure,classification,10_templates,10,7,92,920,accuracy,0.977251461988304,0.023689913399034073,nan,nan,0.977251461988304,0.9721666666666667,0.9540008783487044
functional_group_to_functional_group_structure,Llama-3.1-8B,functional_group,functional_group_structure,classification,10_templates,10,8,92,920,accuracy,0.9761403508771929,0.025034158121996546,nan,nan,0.9761403508771929,0.9708333333333334,0.9535182048225526
functional_group_to_functional_group_structure,Llama-3.1-8B,functional_group,functional_group_structure,classification,10_templates,10,9,92,920,accuracy,0.9761988304093567,0.02507101503620173,nan,nan,0.9761988304093567,0.9715,0.9459649936120524
functional_group_to_functional_group_structure,Llama-3.1-8B,functional_group,functional_group_structure,classification,10_templates,10,10,92,920,accuracy,0.9774269005847953,0.024544271385048676,nan,nan,0.9774269005847953,0.9727500000000001,0.9476980795080923
functional_group_to_functional_group_structure,Llama-3.1-8B,functional_group,functional_group_structure,classification,10_templates,10,11,92,920,accuracy,0.9741520467836258,0.02792641059781843,nan,nan,0.9741520467836258,0.96875,0.943152271995533
functional_group_to_functional_group_structure,Llama-3.1-8B,functional_group,functional_group_structure,classification,10_templates,10,12,92,920,accuracy,0.9761988304093567,0.024823579837185205,nan,nan,0.9761988304093567,0.9715,0.9343308039425573
functional_group_to_functional_group_structure,Llama-3.1-8B,functional_group,functional_group_structure,classification,10_templates,10,13,92,920,accuracy,0.9827485380116959,0.019481673018464627,nan,nan,0.9827485380116959,0.9794166666666666,0.9579862174289419
functional_group_to_functional_group_structure,Llama-3.1-8B,functional_group,functional_group_structure,classification,10_templates,10,14,92,920,accuracy,0.9871929824561404,0.015065035761200017,nan,nan,0.9871929824561404,0.9840833333333334,0.9616760321058658
functional_group_to_functional_group_structure,Llama-3.1-8B,functional_group,functional_group_structure,classification,10_templates,10,15,92,920,accuracy,0.9881286549707602,0.007079647228267389,nan,nan,0.9881286549707602,0.9855,0.9518100070783848
functional_group_to_functional_group_structure,Llama-3.1-8B,functional_group,functional_group_structure,classification,10_templates,10,16,92,920,accuracy,0.9850877192982456,0.013902886144672945,nan,nan,0.9850877192982456,0.9815833333333334,0.9609682111495644
functional_group_to_functional_group_structure,Llama-3.1-8B,functional_group,functional_group_structure,classification,10_templates,10,17,92,920,accuracy,0.9945614035087719,0.0035165605563445266,nan,nan,0.9945614035087719,0.9935,0.9701572528883183
functional_group_to_functional_group_structure,Llama-3.1-8B,functional_group,functional_group_structure,classification,10_templates,10,18,92,920,accuracy,0.9956140350877194,0.004143389376355156,nan,nan,0.9956140350877194,0.99475,0.9829156223893067
functional_group_to_functional_group_structure,Llama-3.1-8B,functional_group,functional_group_structure,classification,10_templates,10,19,92,920,accuracy,0.9955555555555555,0.005443310539518154,nan,nan,0.9955555555555555,0.9948333333333332,0.9948266499582289
functional_group_to_functional_group_structure,Llama-3.1-8B,functional_group,functional_group_structure,classification,10_templates,10,20,92,920,accuracy,0.9934502923976609,0.005352075409893582,nan,nan,0.9934502923976609,0.9921666666666666,0.9809377610693402
functional_group_to_functional_group_structure,Llama-3.1-8B,functional_group,functional_group_structure,classification,10_templates,10,21,92,920,accuracy,0.9945614035087719,0.004842161764791682,nan,nan,0.9945614035087719,0.9935,0.9822744360902256
functional_group_to_functional_group_structure,Llama-3.1-8B,functional_group,functional_group_structure,classification,10_templates,10,22,92,920,accuracy,0.9966666666666667,0.004444444444444429,nan,nan,0.9966666666666667,0.9961666666666666,0.9961633249791145
functional_group_to_functional_group_structure,Llama-3.1-8B,functional_group,functional_group_structure,classification,10_templates,10,23,92,920,accuracy,0.9966666666666667,0.004444444444444429,nan,nan,0.9966666666666667,0.9961666666666666,0.9961633249791145
functional_group_to_functional_group_structure,Llama-3.1-8B,functional_group,functional_group_structure,classification,10_templates,10,24,92,920,accuracy,0.9988888888888889,0.0022222222222222144,nan,nan,0.9988888888888889,0.99875,0.9987468671679199
functional_group_to_functional_group_structure,Llama-3.1-8B,functional_group,functional_group_structure,classification,10_templates,10,25,92,920,accuracy,0.9977777777777778,0.002721655269759077,nan,nan,0.9977777777777778,0.9974166666666667,0.9974101921470343
functional_group_to_functional_group_structure,Llama-3.1-8B,functional_group,functional_group_structure,classification,10_templates,10,26,92,920,accuracy,0.9977777777777778,0.002721655269759077,nan,nan,0.9977777777777778,0.9974166666666667,0.9974101921470343
functional_group_to_functional_group_structure,Llama-3.1-8B,functional_group,functional_group_structure,classification,10_templates,10,27,92,920,accuracy,0.9978362573099415,0.0026516453915215506,nan,nan,0.9978362573099415,0.9973333333333333,0.9976363673411172
functional_group_to_functional_group_structure,Llama-3.1-8B,functional_group,functional_group_structure,classification,10_templates,10,28,92,920,accuracy,0.9967251461988305,0.002676037704946791,nan,nan,0.9967251461988305,0.9960833333333333,0.9852524664123244
functional_group_to_functional_group_structure,Llama-3.1-8B,functional_group,functional_group_structure,classification,10_templates,10,29,92,920,accuracy,0.9978362573099415,0.0026516453915215506,nan,nan,0.9978362573099415,0.9973333333333333,0.9976363673411172
functional_group_to_functional_group_structure,Llama-3.1-8B,functional_group,functional_group_structure,classification,10_templates,10,30,92,920,accuracy,0.9977777777777778,0.004444444444444429,nan,nan,0.9977777777777778,0.9974999999999999,0.9869281045751634
functional_group_to_functional_group_structure,Llama-3.1-8B,functional_group,functional_group_structure,classification,10_templates,10,31,92,920,accuracy,0.9977777777777778,0.004444444444444429,nan,nan,0.9977777777777778,0.9974999999999999,0.9869281045751634
functional_group_to_pkah,Llama-3.1-8B,functional_group,pkah,regression,10_templates,10,0,64,640,r2,0.9897077180642742,0.004945998522067414,0.9897077180642742,0.3985018692727561,nan,nan,nan
functional_group_to_pkah,Llama-3.1-8B,functional_group,pkah,regression,10_templates,10,1,64,640,r2,0.9877581226353774,0.005083047004586649,0.9877581226353774,0.4511829455551446,nan,nan,nan
functional_group_to_pkah,Llama-3.1-8B,functional_group,pkah,regression,10_templates,10,2,64,640,r2,0.9770005117245546,0.00925690240408338,0.9770005117245546,0.6583687542914554,nan,nan,nan
functional_group_to_pkah,Llama-3.1-8B,functional_group,pkah,regression,10_templates,10,3,64,640,r2,0.9715767227981853,0.011943590964798377,0.9715767227981853,0.7300634627656859,nan,nan,nan
functional_group_to_pkah,Llama-3.1-8B,functional_group,pkah,regression,10_templates,10,4,64,640,r2,0.9623595821780462,0.01562877089744628,0.9623595821780462,0.8528408379371661,nan,nan,nan
functional_group_to_pkah,Llama-3.1-8B,functional_group,pkah,regression,10_templates,10,5,64,640,r2,0.9626678103981705,0.015661520771733405,0.9626678103981705,0.8555619071584957,nan,nan,nan
functional_group_to_pkah,Llama-3.1-8B,functional_group,pkah,regression,10_templates,10,6,64,640,r2,0.9475419111971155,0.027768117385105394,0.9475419111971155,0.978578848276535,nan,nan,nan
functional_group_to_pkah,Llama-3.1-8B,functional_group,pkah,regression,10_templates,10,7,64,640,r2,0.9462194551726709,0.030885641605988213,0.9462194551726709,0.9877670387129935,nan,nan,nan
functional_group_to_pkah,Llama-3.1-8B,functional_group,pkah,regression,10_templates,10,8,64,640,r2,0.9439386693972199,0.029992153168807455,0.9439386693972199,1.0317745310976736,nan,nan,nan
functional_group_to_pkah,Llama-3.1-8B,functional_group,pkah,regression,10_templates,10,9,64,640,r2,0.938473142227964,0.03256776991009342,0.938473142227964,1.095183483287263,nan,nan,nan
functional_group_to_pkah,Llama-3.1-8B,functional_group,pkah,regression,10_templates,10,10,64,640,r2,0.9346008093070888,0.03520288342088435,0.9346008093070888,1.1334903209218876,nan,nan,nan
functional_group_to_pkah,Llama-3.1-8B,functional_group,pkah,regression,10_templates,10,11,64,640,r2,0.9278551828262914,0.039883042365366855,0.9278551828262914,1.1402114413588713,nan,nan,nan
functional_group_to_pkah,Llama-3.1-8B,functional_group,pkah,regression,10_templates,10,12,64,640,r2,0.9447050032496502,0.02767631872327569,0.9447050032496502,1.014279420752855,nan,nan,nan
functional_group_to_pkah,Llama-3.1-8B,functional_group,pkah,regression,10_templates,10,13,64,640,r2,0.9495584038698027,0.024947819228404736,0.9495584038698027,0.971534417455671,nan,nan,nan
functional_group_to_pkah,Llama-3.1-8B,functional_group,pkah,regression,10_templates,10,14,64,640,r2,0.9524039736842418,0.021382684324804543,0.9524039736842418,0.9611631760219579,nan,nan,nan
functional_group_to_pkah,Llama-3.1-8B,functional_group,pkah,regression,10_templates,10,15,64,640,r2,0.9573673145912964,0.011347985132679657,0.9573673145912964,0.9347630628775183,nan,nan,nan
functional_group_to_pkah,Llama-3.1-8B,functional_group,pkah,regression,10_templates,10,16,64,640,r2,0.9645474067762224,0.006803354044619706,0.9645474067762224,0.848350610382264,nan,nan,nan
functional_group_to_pkah,Llama-3.1-8B,functional_group,pkah,regression,10_templates,10,17,64,640,r2,0.966172516135547,0.010547245890621023,0.966172516135547,0.7974101312028206,nan,nan,nan
functional_group_to_pkah,Llama-3.1-8B,functional_group,pkah,regression,10_templates,10,18,64,640,r2,0.9696140373060776,0.008818546242938622,0.9696140373060776,0.7578597252377233,nan,nan,nan
functional_group_to_pkah,Llama-3.1-8B,functional_group,pkah,regression,10_templates,10,19,64,640,r2,0.9718555069934431,0.005776152016948874,0.9718555069934431,0.7211578276143484,nan,nan,nan
functional_group_to_pkah,Llama-3.1-8B,functional_group,pkah,regression,10_templates,10,20,64,640,r2,0.9730064961538432,0.005550953663843665,0.9730064961538432,0.7259830214352645,nan,nan,nan
functional_group_to_pkah,Llama-3.1-8B,functional_group,pkah,regression,10_templates,10,21,64,640,r2,0.9766074131220968,0.005497641219502999,0.9766074131220968,0.665073890541443,nan,nan,nan
functional_group_to_pkah,Llama-3.1-8B,functional_group,pkah,regression,10_templates,10,22,64,640,r2,0.978031993816088,0.005886349676922725,0.978031993816088,0.6268794901994345,nan,nan,nan
functional_group_to_pkah,Llama-3.1-8B,functional_group,pkah,regression,10_templates,10,23,64,640,r2,0.9802441384233973,0.004508087161221739,0.9802441384233973,0.608086749677057,nan,nan,nan
functional_group_to_pkah,Llama-3.1-8B,functional_group,pkah,regression,10_templates,10,24,64,640,r2,0.9808726968677661,0.006316567838096557,0.9808726968677661,0.5860028161088807,nan,nan,nan
functional_group_to_pkah,Llama-3.1-8B,functional_group,pkah,regression,10_templates,10,25,64,640,r2,0.9819985600790316,0.005582247090612654,0.9819985600790316,0.5753559024561868,nan,nan,nan
functional_group_to_pkah,Llama-3.1-8B,functional_group,pkah,regression,10_templates,10,26,64,640,r2,0.9821067049765121,0.006027422237042821,0.9821067049765121,0.5756010140677021,nan,nan,nan
functional_group_to_pkah,Llama-3.1-8B,functional_group,pkah,regression,10_templates,10,27,64,640,r2,0.9837854644878282,0.005470384182277173,0.9837854644878282,0.5528491411201685,nan,nan,nan
functional_group_to_pkah,Llama-3.1-8B,functional_group,pkah,regression,10_templates,10,28,64,640,r2,0.9847773837546715,0.004908447234664884,0.9847773837546715,0.545055100005875,nan,nan,nan
functional_group_to_pkah,Llama-3.1-8B,functional_group,pkah,regression,10_templates,10,29,64,640,r2,0.9849641472464283,0.004856779793601976,0.9849641472464283,0.542800326686931,nan,nan,nan
functional_group_to_pkah,Llama-3.1-8B,functional_group,pkah,regression,10_templates,10,30,64,640,r2,0.9884262165002307,0.00446049491416403,0.9884262165002307,0.47132253039167954,nan,nan,nan
functional_group_to_pkah,Llama-3.1-8B,functional_group,pkah,regression,10_templates,10,31,64,640,r2,0.9882791753537312,0.003243180187778993,0.9882791753537312,0.4843859708789536,nan,nan,nan
