entity_type,layer,silhouette_functional_group,silhouette_carbon_count
functional_group,1,-0.10133284330368042,-0.021720869466662407
functional_group,2,-0.06509864330291748,-0.006612099707126617
functional_group,3,-0.0466858446598053,-0.006730079650878906
functional_group,4,-0.03731146454811096,-0.0069574532099068165
functional_group,5,-0.051536619663238525,-0.005831486079841852
functional_group,6,-0.05242399126291275,-0.006882970687001944
functional_group,7,-0.05527329817414284,-0.007564995437860489
functional_group,8,-0.03060433268547058,-0.006547261495143175
functional_group,9,-0.06808905303478241,-0.008935988880693913
functional_group,10,-0.04901133105158806,-0.007826161570847034
functional_group,11,-0.05872374400496483,-0.00736438762396574
functional_group,12,-0.07729972153902054,-0.009509401395916939
functional_group,13,-0.05944759398698807,-0.007270354777574539
functional_group,14,-0.05478104203939438,-0.00561125623062253
functional_group,15,-0.05775967240333557,-0.00713364640250802
functional_group,16,-0.05864623561501503,-0.007063973695039749
functional_group,17,-0.04815135523676872,-0.006230706814676523
functional_group,18,-0.053943682461977005,-0.0075232889503240585
functional_group,19,-0.07493383437395096,-0.005631006322801113
functional_group,20,-0.09160343557596207,-0.006617342587560415
functional_group,21,-0.0877213105559349,-0.005650410428643227
functional_group,22,-0.08417024463415146,-0.005447560455650091
functional_group,23,-0.08658749610185623,-0.005431478843092918
functional_group,24,-0.06707346439361572,-0.0056594060733914375
functional_group,25,-0.046697959303855896,-0.005878393072634935
functional_group,26,-0.0552581362426281,-0.005607168655842543
functional_group,27,-0.05138779804110527,-0.005297292955219746
functional_group,28,-0.0575726255774498,-0.0056822397746145725
functional_group,29,-0.0629894807934761,-0.006212898995727301
functional_group,30,-0.06416761130094528,-0.005886311177164316
functional_group,31,-0.06104792654514313,-0.005666723474860191
functional_group,32,-0.09155143052339554,-0.006578080356121063
functional_group_structure,1,-0.131253182888031,-0.023230522871017456
functional_group_structure,2,-0.08182527869939804,-0.008020533248782158
functional_group_structure,3,-0.044734589755535126,-0.009663383476436138
functional_group_structure,4,-0.058545272797346115,-0.008549341931939125
functional_group_structure,5,-0.07208192348480225,-0.010039320215582848
functional_group_structure,6,-0.07822313159704208,-0.01134150568395853
functional_group_structure,7,-0.07461380958557129,-0.00869342964142561
functional_group_structure,8,-0.08321202546358109,-0.010454559698700905
functional_group_structure,9,-0.07935068756341934,-0.012083188630640507
functional_group_structure,10,-0.05386629328131676,-0.00856256764382124
functional_group_structure,11,-0.09304377436637878,-0.011107771657407284
functional_group_structure,12,-0.07304489612579346,-0.008352397009730339
functional_group_structure,13,-0.08061302453279495,-0.010066032409667969
functional_group_structure,14,-0.05766041576862335,-0.007416710257530212
functional_group_structure,15,-0.04547804594039917,-0.008147843182086945
functional_group_structure,16,-0.05890072509646416,-0.010071314871311188
functional_group_structure,17,-0.05737776309251785,-0.008452843874692917
functional_group_structure,18,-0.09253595769405365,-0.007389478851109743
functional_group_structure,19,-0.11251108348369598,-0.008480550721287727
functional_group_structure,20,-0.1031043753027916,-0.007767086382955313
functional_group_structure,21,-0.11722392588853836,-0.007481924723833799
functional_group_structure,22,-0.14234550297260284,-0.007341943681240082
functional_group_structure,23,-0.12846264243125916,-0.007158815395087004
functional_group_structure,24,-0.1252448707818985,-0.007105384021997452
functional_group_structure,25,-0.10611335933208466,-0.007252223789691925
functional_group_structure,26,-0.09935900568962097,-0.007269331254065037
functional_group_structure,27,-0.08605515956878662,-0.007393226958811283
functional_group_structure,28,-0.09325708448886871,-0.008517371490597725
functional_group_structure,29,-0.09623716026544571,-0.00863642618060112
functional_group_structure,30,-0.10295623540878296,-0.00961968395859003
functional_group_structure,31,-0.09168785810470581,-0.010209254920482635
functional_group_structure,32,-0.1142713651061058,-0.011782553046941757
mw,1,-0.1020241528749466,-0.019002186134457588
mw,2,-0.0544372983276844,-0.004966269247233868
mw,3,-0.035666391253471375,-0.007344219367951155
mw,4,-0.03659425303339958,-0.005594509653747082
mw,5,-0.040348075330257416,-0.005296119023114443
mw,6,-0.057127632200717926,-0.006222275551408529
mw,7,-0.05456721782684326,-0.005621163174510002
mw,8,-0.044536199420690536,-0.007170879747718573
mw,9,-0.03906923532485962,-0.004963788203895092
mw,10,-0.034466564655303955,-0.005688608158379793
mw,11,-0.036858685314655304,-0.005236131139099598
mw,12,-0.04599538818001747,-0.006265707314014435
mw,13,-0.03626168891787529,-0.005914079956710339
mw,14,-0.08926410973072052,-0.012569405138492584
mw,15,-0.09326803684234619,-0.017632540315389633
mw,16,0.015909293666481972,-0.015887154266238213
mw,17,0.20182031393051147,-0.009124722331762314
mw,18,0.3211517930030823,-0.00579026946797967
mw,19,0.355057954788208,-0.030506839975714684
mw,20,0.4174191355705261,-0.025700218975543976
mw,21,0.3958824574947357,-0.03364154323935509
mw,22,0.49114009737968445,-0.016776971518993378
mw,23,0.5000729560852051,-0.026907969266176224
mw,24,0.5029082894325256,-0.031096432358026505
mw,25,0.49596378207206726,-0.03264423459768295
mw,26,0.5022592544555664,-0.03154792636632919
mw,27,0.4981488585472107,-0.028665058314800262
mw,28,0.4526420533657074,-0.035413723438978195
mw,29,0.3911602795124054,-0.036224182695150375
mw,30,0.36297425627708435,-0.035595446825027466
mw,31,0.29707252979278564,-0.038739223033189774
mw,32,0.08692865818738937,-0.028536181896924973
pka,1,-0.07666219770908356,-0.011736066080629826
pka,2,-0.034089356660842896,-0.005904184188693762
pka,3,-0.04257397726178169,-0.005689922720193863
pka,4,-0.03990546986460686,-0.004672164097428322
pka,5,-0.04706895351409912,-0.006601777393370867
pka,6,-0.03579628840088844,-0.0046918136067688465
pka,7,-0.059002585709095,-0.005407196003943682
pka,8,-0.06206750124692917,-0.0058557866141200066
pka,9,-0.027122778818011284,-0.0044989073649048805
pka,10,-0.05940062180161476,-0.005789144430309534
pka,11,-0.032756365835666656,-0.005339489784091711
pka,12,-0.03854075446724892,-0.004911025986075401
pka,13,-0.05110796540975571,-0.006654034368693829
pka,14,-0.06737739592790604,-0.007606023922562599
pka,15,-0.05286119133234024,-0.005865123588591814
pka,16,-0.08326808363199234,-0.006435182876884937
pka,17,0.43065935373306274,-0.005102376453578472
pka,18,0.5642064809799194,-0.006148256361484528
pka,19,0.657870352268219,-0.007593416143208742
pka,20,0.7132497429847717,-0.009266425855457783
pka,21,0.7139202952384949,-0.010575787164270878
pka,22,0.7207229733467102,-0.010705533437430859
pka,23,0.7520228624343872,-0.009562735445797443
pka,24,0.7504236102104187,-0.009470532648265362
pka,25,0.7542040944099426,-0.007615931332111359
pka,26,0.7430853843688965,-0.009741196408867836
pka,27,0.7337115406990051,-0.010641983710229397
pka,28,0.7335687279701233,-0.010633455589413643
pka,29,0.7270355820655823,-0.010236291214823723
pka,30,0.6959477066993713,-0.013106586411595345
pka,31,0.6461367607116699,-0.012273908592760563
pka,32,0.15514330565929413,-0.01675066538155079
pkah,1,-0.04940127953886986,-0.007908849976956844
pkah,2,-0.0375359021127224,-0.005354305729269981
pkah,3,-0.04643561691045761,-0.006419283337891102
pkah,4,-0.04544520378112793,-0.005793282296508551
pkah,5,-0.04029570147395134,-0.006986933760344982
pkah,6,-0.06368520110845566,-0.005506974644958973
pkah,7,-0.0572541318833828,-0.0068588899448513985
pkah,8,-0.054424889385700226,-0.0061877015978097916
pkah,9,-0.04898151755332947,-0.005157859064638615
pkah,10,-0.04263083264231682,-0.0046208687126636505
pkah,11,-0.03614285588264465,-0.005570187699049711
pkah,12,-0.04286684840917587,-0.0063363900408148766
pkah,13,-0.05680985003709793,-0.005911555606871843
pkah,14,-0.052024804055690765,-0.006235270760953426
pkah,15,-0.059673719108104706,-0.008046888746321201
pkah,16,-0.07786355167627335,-0.0053336527198553085
pkah,17,0.12846067547798157,-0.005621027201414108
pkah,18,0.3855808675289154,-0.00513300858438015
pkah,19,0.5030732750892639,-0.009275167249143124
pkah,20,0.5870848894119263,-0.008403352461755276
pkah,21,0.6087571382522583,-0.00838500540703535
pkah,22,0.6258882284164429,-0.007553251460194588
pkah,23,0.6421265006065369,-0.011508125811815262
pkah,24,0.6706973314285278,-0.010564415715634823
pkah,25,0.6647626161575317,-0.011561314575374126
pkah,26,0.6304462552070618,-0.0074158948846161366
pkah,27,0.5958994030952454,-0.010566245764493942
pkah,28,0.5111708641052246,-0.008483462035655975
pkah,29,0.4552723169326782,-0.007737882435321808
pkah,30,0.3961298167705536,-0.011500297114253044
pkah,31,0.3185243308544159,-0.010470814071595669
pkah,32,-0.05049639940261841,-0.014212056063115597
tpsa,1,-0.0875353291630745,-0.012509170919656754
tpsa,2,-0.03879360109567642,-0.006848491262644529
tpsa,3,-0.029118100181221962,-0.005143116693943739
tpsa,4,-0.03393665328621864,-0.005414048675447702
tpsa,5,-0.05209558084607124,-0.007736093830317259
tpsa,6,-0.05194612219929695,-0.005343469325453043
tpsa,7,-0.05812777578830719,-0.0064202467910945415
tpsa,8,-0.057505372911691666,-0.007930484600365162
tpsa,9,-0.0419592559337616,-0.00569988414645195
tpsa,10,-0.035864055156707764,-0.005448889918625355
tpsa,11,-0.03463653847575188,-0.005270912311971188
tpsa,12,-0.05457490682601929,-0.0070918891578912735
tpsa,13,-0.03440277650952339,-0.004978929180651903
tpsa,14,-0.040638379752635956,-0.0059628854505717754
tpsa,15,-0.035629838705062866,-0.004624728113412857
tpsa,16,-0.040355511009693146,-0.00455227866768837
tpsa,17,-0.039032984524965286,-0.004237651359289885
tpsa,18,-0.043283019214868546,-0.005118025932461023
tpsa,19,-0.04692507162690163,-0.004711977671831846
tpsa,20,-0.06301546841859818,-0.005032780580222607
tpsa,21,-0.054530419409275055,-0.004831415135413408
tpsa,22,-0.06025988236069679,-0.005678786896169186
tpsa,23,-0.05279553681612015,-0.005704300012439489
tpsa,24,-0.056730784475803375,-0.005381315480917692
tpsa,25,-0.07077807933092117,-0.00594159634783864
tpsa,26,-0.04961343854665756,-0.0061120036989450455
tpsa,27,-0.048082731664180756,-0.0063627418130636215
tpsa,28,-0.045682717114686966,-0.006476616952568293
tpsa,29,-0.06216873973608017,-0.0055951704271137714
tpsa,30,-0.05302569270133972,-0.007201667409390211
tpsa,31,-0.04169498383998871,-0.007158883381634951
tpsa,32,-0.08709443360567093,-0.02291157655417919
avg_carbon_oxidation_state,1,-0.0588626004755497,-0.013532154262065887
avg_carbon_oxidation_state,2,-0.034876033663749695,-0.005160197149962187
avg_carbon_oxidation_state,3,-0.03483876213431358,-0.0070968326181173325
avg_carbon_oxidation_state,4,-0.044816095381975174,-0.004916508216410875
avg_carbon_oxidation_state,5,-0.035194966942071915,-0.005613232031464577
avg_carbon_oxidation_state,6,-0.0594492144882679,-0.00581585755571723
avg_carbon_oxidation_state,7,-0.030206596478819847,-0.005292976275086403
avg_carbon_oxidation_state,8,-0.03203717619180679,-0.004782540258020163
avg_carbon_oxidation_state,9,-0.04588557034730911,-0.0053540244698524475
avg_carbon_oxidation_state,10,-0.04413337633013725,-0.006742847617715597
avg_carbon_oxidation_state,11,-0.0389898456633091,-0.006497856229543686
avg_carbon_oxidation_state,12,-0.03227049484848976,-0.004845339339226484
avg_carbon_oxidation_state,13,-0.03738154470920563,-0.0055556041188538074
avg_carbon_oxidation_state,14,-0.031200800091028214,-0.00488171074539423
avg_carbon_oxidation_state,15,-0.054361823946237564,-0.00486562168225646
avg_carbon_oxidation_state,16,-0.037779416888952255,-0.004974559415131807
avg_carbon_oxidation_state,17,-0.051299165934324265,-0.004250896628946066
avg_carbon_oxidation_state,18,-0.04844280332326889,-0.004233337938785553
avg_carbon_oxidation_state,19,-0.06573119014501572,-0.004430416505783796
avg_carbon_oxidation_state,20,-0.06881581991910934,-0.005029630847275257
avg_carbon_oxidation_state,21,-0.10184147208929062,-0.006297876592725515
avg_carbon_oxidation_state,22,-0.14323623478412628,-0.0062583694234490395
avg_carbon_oxidation_state,23,-0.12142175436019897,-0.006113449111580849
avg_carbon_oxidation_state,24,-0.1408625990152359,-0.006978342775255442
avg_carbon_oxidation_state,25,-0.1409154236316681,-0.006096968427300453
avg_carbon_oxidation_state,26,-0.13279075920581818,-0.006704309955239296
avg_carbon_oxidation_state,27,-0.12376836687326431,-0.006175793241709471
avg_carbon_oxidation_state,28,-0.1449289470911026,-0.006613095290958881
avg_carbon_oxidation_state,29,-0.10525699704885483,-0.005684890318661928
avg_carbon_oxidation_state,30,-0.0636875182390213,-0.00588500639423728
avg_carbon_oxidation_state,31,-0.07312220335006714,-0.005820902064442635
avg_carbon_oxidation_state,32,-0.09573569893836975,-0.009303971193730831
hbd,1,-0.09449125081300735,-0.013642055913805962
hbd,2,-0.03766660392284393,-0.009732738137245178
hbd,3,-0.03490513563156128,-0.009391672909259796
hbd,4,-0.058630578219890594,-0.007683135569095612
hbd,5,-0.06448221951723099,-0.006546785123646259
hbd,6,-0.06582076847553253,-0.006602623965591192
hbd,7,-0.052660368382930756,-0.007006894331425428
hbd,8,-0.05074561759829521,-0.005567820742726326
hbd,9,-0.053570881485939026,-0.007403144147247076
hbd,10,-0.05956326797604561,-0.0062620979733765125
hbd,11,-0.05504044145345688,-0.005322959274053574
hbd,12,-0.05510217323899269,-0.0054383547976613045
hbd,13,-0.05336606875061989,-0.00555321853607893
hbd,14,-0.05518128722906113,-0.005206607747823
hbd,15,-0.050249580293893814,-0.005534714087843895
hbd,16,-0.03811096400022507,-0.005880657583475113
hbd,17,-0.05993500351905823,-0.005719877313822508
hbd,18,-0.07422411441802979,-0.006749448366463184
hbd,19,-0.06751160323619843,-0.006463365163654089
hbd,20,-0.12780225276947021,-0.00649008434265852
hbd,21,-0.12332243472337723,-0.0062466892413794994
hbd,22,-0.10427795350551605,-0.0065400926396250725
hbd,23,-0.10610288381576538,-0.006837012246251106
hbd,24,-0.07794250547885895,-0.006701182574033737
hbd,25,-0.11764314770698547,-0.0064530582167208195
hbd,26,-0.12504802644252777,-0.006747081410139799
hbd,27,-0.10687614977359772,-0.00666889688000083
hbd,28,-0.11513703316450119,-0.006823958829045296
hbd,29,-0.08745583891868591,-0.006504958961158991
hbd,30,-0.08083789795637131,-0.005396569613367319
hbd,31,-0.0605914480984211,-0.0055827973410487175
hbd,32,-0.05207407474517822,-0.005841767881065607
hba,1,-0.09039375185966492,-0.013298258185386658
hba,2,-0.058619748800992966,-0.008089559152722359
hba,3,-0.046133480966091156,-0.008154496550559998
hba,4,-0.0483858659863472,-0.00697681400924921
hba,5,-0.04919036105275154,-0.006737247575074434
hba,6,-0.03773939982056618,-0.00692147808149457
hba,7,-0.06228768825531006,-0.007096845656633377
hba,8,-0.04961610585451126,-0.006846602540463209
hba,9,-0.04897917062044144,-0.006199992261826992
hba,10,-0.03836074471473694,-0.0058843581937253475
hba,11,-0.055340394377708435,-0.006687621586024761
hba,12,-0.043703608214855194,-0.0055857254192233086
hba,13,-0.06390706449747086,-0.005572204943746328
hba,14,-0.040571775287389755,-0.0050750188529491425
hba,15,-0.03616703674197197,-0.004841198213398457
hba,16,-0.03869829699397087,-0.005277456250041723
hba,17,-0.043421462178230286,-0.004786699544638395
hba,18,-0.06512341648340225,-0.005545223131775856
hba,19,-0.07085221260786057,-0.005490700714290142
hba,20,-0.10405965149402618,-0.004923716653138399
hba,21,-0.11145374178886414,-0.006258256733417511
hba,22,-0.1088646799325943,-0.007387425750494003
hba,23,-0.06943755596876144,-0.0073241363279521465
hba,24,-0.05740147456526756,-0.00809523370116949
hba,25,-0.0741247683763504,-0.00805425550788641
hba,26,-0.07308690994977951,-0.009628239087760448
hba,27,-0.06367530673742294,-0.009180909022688866
hba,28,-0.07706483453512192,-0.00950161088258028
hba,29,-0.10737915337085724,-0.00920786615461111
hba,30,-0.13041913509368896,-0.006471596658229828
hba,31,-0.06680607050657272,-0.0065045347437262535
hba,32,-0.0640525072813034,-0.008524982258677483
boiling_point_c,1,-0.07123680412769318,-0.008017447777092457
boiling_point_c,2,-0.054120954126119614,-0.010065422393381596
boiling_point_c,3,-0.042024001479148865,-0.007442253176122904
boiling_point_c,4,-0.054445523768663406,-0.008452942594885826
boiling_point_c,5,-0.04268589988350868,-0.006186059210449457
boiling_point_c,6,-0.04929855838418007,-0.006304509472101927
boiling_point_c,7,-0.05181998014450073,-0.007234866265207529
boiling_point_c,8,-0.036821398884058,-0.005740632303059101
boiling_point_c,9,-0.05592939630150795,-0.00686069717630744
boiling_point_c,10,-0.06163798272609711,-0.0074852341786026955
boiling_point_c,11,-0.0563715398311615,-0.0091556366533041
boiling_point_c,12,-0.0741075724363327,-0.009564273059368134
boiling_point_c,13,-0.06311090290546417,-0.010471029207110405
boiling_point_c,14,-0.0750945657491684,-0.012894849292933941
boiling_point_c,15,-0.10677517205476761,-0.014216075651347637
boiling_point_c,16,-0.07306979596614838,-0.012418276630342007
boiling_point_c,17,0.26733022928237915,-0.012169020250439644
boiling_point_c,18,0.22980926930904388,-0.01770484820008278
boiling_point_c,19,0.22378487884998322,-0.0272736344486475
boiling_point_c,20,0.1490442454814911,-0.027446087449789047
boiling_point_c,21,0.1595052033662796,-0.02881089225411415
boiling_point_c,22,0.1429707258939743,-0.02460676245391369
boiling_point_c,23,0.04875889793038368,-0.023003822192549706
boiling_point_c,24,0.03895076736807823,-0.024032600224018097
boiling_point_c,25,0.03599892184138298,-0.02712443098425865
boiling_point_c,26,0.02811039797961712,-0.025051409378647804
boiling_point_c,27,0.021003050729632378,-0.024434005841612816
boiling_point_c,28,0.010414828546345234,-0.028668532148003578
boiling_point_c,29,0.10752370953559875,-0.02954595908522606
boiling_point_c,30,0.10503643751144409,-0.035404983907938004
boiling_point_c,31,0.039541322737932205,-0.03148473799228668
boiling_point_c,32,-0.15885572135448456,-0.07401442527770996
water_solubility,1,-0.102489173412323,-0.02150115929543972
water_solubility,2,-0.050949469208717346,-0.006510305218398571
water_solubility,3,-0.035493552684783936,-0.007150810677558184
water_solubility,4,-0.04769747704267502,-0.007747969124466181
water_solubility,5,-0.05260574817657471,-0.007046673912554979
water_solubility,6,-0.05822889879345894,-0.008153587579727173
water_solubility,7,-0.04504022002220154,-0.006606990471482277
water_solubility,8,-0.03977070748806,-0.005602200981229544
water_solubility,9,-0.052976179867982864,-0.00851959828287363
water_solubility,10,-0.050251077860593796,-0.007188117131590843
water_solubility,11,-0.03657054156064987,-0.005280818324536085
water_solubility,12,-0.0650489553809166,-0.00872999057173729
water_solubility,13,-0.041581716388463974,-0.005929872393608093
water_solubility,14,-0.06445865333080292,-0.00881148874759674
water_solubility,15,-0.037687692791223526,-0.005261152517050505
water_solubility,16,-0.04087994620203972,-0.006173028144985437
water_solubility,17,-0.039434246718883514,-0.005803080275654793
water_solubility,18,-0.04440252110362053,-0.006976948119699955
water_solubility,19,-0.03873186931014061,-0.005799830425530672
water_solubility,20,-0.06249653920531273,-0.007302376441657543
water_solubility,21,-0.039851076900959015,-0.006158597767353058
water_solubility,22,-0.06660933047533035,-0.007737389765679836
water_solubility,23,-0.06025075539946556,-0.006252460181713104
water_solubility,24,-0.04503416642546654,-0.008713694289326668
water_solubility,25,-0.057344209402799606,-0.008677111007273197
water_solubility,26,-0.040677305310964584,-0.008153923787176609
water_solubility,27,-0.04263225197792053,-0.00773828849196434
water_solubility,28,-0.05024952441453934,-0.008302995935082436
water_solubility,29,-0.04590679705142975,-0.008051497861742973
water_solubility,30,-0.03523941710591316,-0.007112856954336166
water_solubility,31,-0.032942816615104675,-0.006242409814149141
water_solubility,32,-0.06025759503245354,-0.00846195314079523
